toucher,passer,receiver,shooter,goalie,assister,blocker,shooterId,assisterId,blockerId,receiverId,passerId,toucherId,goalieId,gameId,espnEventId,optaMatchId,eventGuid,gameEventIndex,sequenceId,phaseId,sequenceEventNum,possessionSeqNum,possessionNumInPeriod,playType,period,gameClock,sequenceSeconds,possessionSeconds,eventTeamAbbrevName,teamId,teamImageId,teamFullName,team,teamAbbrevName,teamShortName,newestTeamColor,optaTeamId,date,homeTeam,awayTeam,homeCurrentScore,awayCurrentScore,teamAbbrevName,team,teamId,teamImageId,opponent,opponentId,opponentTeamImageId,opponentCurrentScore,teamCurrentScore,homeFinalScore,awayFinalScore,teamFinalScore,opponentFinalScore,numberOfPeriods,periodLength,gameDate,result,scoreAtTime,xG,xA,ShotDist,reportId
TOTAL,,,,,,,,,,,,9z86sxoh0lek4g80lvvhxivpw,,,,,:10,10,2,,1,2,2,-,1,10,2,2,-,3kibouup3gxwnnxp3vhz83af7,3022,-,-,-,-,-,3022,,-,-,0,0,-,-,3kibouup3gxwnnxp3vhz83af7,3022,-,egzh8d35o0fdgv9p2ql5wm7ql,18832,0,0,0,0,0,0,,,,-,-,0.00,0.0000,0.0,null-224

toques,pasador,receptor,rematador,portero,asistente,bloqueador,shooterId,assisterId,blockerId,receiverId,passerId,toucherId,goalieId,gameId,espnEventId,optaMatchId,eventGuid,gameEventIndex,sequenceId,phaseId,sequenceEventNum,possessionSeqNum,possessionNumInPeriod,Tipo de jugada,Periodo,Reloj del partido,sequenceSeconds,possessionSeconds,eventTeamAbbrevName,teamId,teamImageId,teamFullName,Equipo,teamAbbrevName,teamShortName,newestTeamColor,optaTeamId,Fecha,homeTeam,awayTeam,homeCurrentScore,awayCurrentScore,teamAbbrevName,Equipo,teamId,teamImageId,rival,opponentId,opponentTeamImageId,opponentCurrentScore,teamCurrentScore,homeFinalScore,awayFinalScore,teamFinalScore,opponentFinalScore,numberOfPeriods,periodLength,gameDate,Result,scoreAtTime,xG,xA,DistRemates,reportId
","""","""","""","""","""","""","""","""","""","""","""","""","""",ego01h3xuardzs0cjwlcwvtas,ego01h3xuardzs0cjwlcwvtas,""2652004"",ego01h3xuardzs0cjwlcwvtas:24,""24"","""","""","""","""","""",Challenge,""1"",""16"","""","""",RM2,3kibouup3gxwnnxp3vhz83af7,""3022"",Real Madrid II,Real Madrid II,RM2,Real Madrid II,#0066FF,""3022"",2026-09-12,Águilas,Real Madrid II,""0"",""0"",RM2,RM2,3kibouup3gxwnnxp3vhz83af7,""3022"",AGU,egzh8d35o0fdgv9p2ql5wm7ql,""18832"",""0"",""0"",""1"",""0"",""0"",""1"",""2"",""45"",2026-09-12 11:00:00,L 0-1,0-0,""0,00"",""0,0000"",""0,0"",null-224"
","""","""","""","""","""","""","""","""","""","""","""","""","""",ego01h3xuardzs0cjwlcwvtas,ego01h3xuardzs0cjwlcwvtas,""2652004"",ego01h3xuardzs0cjwlcwvtas:33,""33"","""","""","""","""","""",Aerial,""1"",""36"","""","""",RM2,3kibouup3gxwnnxp3vhz83af7,""3022"",Real Madrid II,Real Madrid II,RM2,Real Madrid II,#0066FF,""3022"",2026-09-12,Águilas,Real Madrid II,""0"",""0"",RM2,RM2,3kibouup3gxwnnxp3vhz83af7,""3022"",AGU,egzh8d35o0fdgv9p2ql5wm7ql,""18832"",""0"",""0"",""1"",""0"",""0"",""1"",""2"",""45"",2026-09-12 11:00:00,L 0-1,0-0,""0,00"",""0,0000"",""0,0"",null-224"
","""","""","""","""","""","""","""","""","""","""","""","""","""",ego01h3xuardzs0cjwlcwvtas,ego01h3xuardzs0cjwlcwvtas,""2652004"",ego01h3xuardzs0cjwlcwvtas:38,""38"",""6"","""",""1"",""6"",""6"",BallRecovery,""1"",""133"",""4"",""19"",RM2,3kibouup3gxwnnxp3vhz83af7,""3022"",Real Madrid II,Real Madrid II,RM2,Real Madrid II,#0066FF,""3022"",2026-09-12,Águilas,Real Madrid II,""0"",""0"",RM2,RM2,3kibouup3gxwnnxp3vhz83af7,""3022"",AGU,egzh8d35o0fdgv9p2ql5wm7ql,""18832"",""0"",""0"",""1"",""0"",""0"",""1"",""2"",""45"",2026-09-12 11:00:00,L 0-1,0-0,""0,00"",""0,0000"",""0,0"",null-224"
","""","""","""","""","""","""","""","""","""","""","""","""","""",ego01h3xuardzs0cjwlcwvtas,ego01h3xuardzs0cjwlcwvtas,""2652004"",ego01h3xuardzs0cjwlcwvtas:51,""51"",""9"","""",""2"",""8"",""8"",BallRecovery,""1"",""158"",""5"",""5"",RM2,3kibouup3gxwnnxp3vhz83af7,""3022"",Real Madrid II,Real Madrid II,RM2,Real Madrid II,#0066FF,""3022"",2026-09-12,Águilas,Real Madrid II,""0"",""0"",RM2,RM2,3kibouup3gxwnnxp3vhz83af7,""3022"",AGU,egzh8d35o0fdgv9p2ql5wm7ql,""18832"",""0"",""0"",""1"",""0"",""0"",""1"",""2"",""45"",2026-09-12 11:00:00,L 0-1,0-0,""0,00"",""0,0000"",""0,0"",null-224"
"Pol Fortuny,"""","""","""","""","""","""","""","""","""","""","""",diwvhwul9fvsmpdwosvy8nwus,"""",ego01h3xuardzs0cjwlcwvtas,ego01h3xuardzs0cjwlcwvtas,""2652004"",ego01h3xuardzs0cjwlcwvtas:59,""59"","""","""","""","""","""",Interception,""1"",""177"","""","""",RM2,3kibouup3gxwnnxp3vhz83af7,""3022"",Real Madrid II,Real Madrid II,RM2,Real Madrid II,#0066FF,""3022"",2026-09-12,Águilas,Real Madrid II,""0"",""0"",RM2,RM2,3kibouup3gxwnnxp3vhz83af7,""3022"",AGU,egzh8d35o0fdgv9p2ql5wm7ql,""18832"",""0"",""0"",""1"",""0"",""0"",""1"",""2"",""45"",2026-09-12 11:00:00,L 0-1,0-0,""0,00"",""0,0000"",""0,0"",null-224"
"Joan Martínez,"""","""","""","""","""","""","""","""","""","""","""",4aihdtm9m5evl5ohlx54ccs9g,"""",ego01h3xuardzs0cjwlcwvtas,ego01h3xuardzs0cjwlcwvtas,""2652004"",ego01h3xuardzs0cjwlcwvtas:64,""64"","""","""","""","""","""",Clearance,""1"",""182"","""","""",RM2,3kibouup3gxwnnxp3vhz83af7,""3022"",Real Madrid II,Real Madrid II,RM2,Real Madrid II,#0066FF,""3022"",2026-09-12,Águilas,Real Madrid II,""0"",""0"",RM2,RM2,3kibouup3gxwnnxp3vhz83af7,""3022"",AGU,egzh8d35o0fdgv9p2ql5wm7ql,""18832"",""0"",""0"",""1"",""0"",""0"",""1"",""2"",""45"",2026-09-12 11:00:00,L 0-1,0-0,""0,00"",""0,0000"",""0,0"",null-224"
","""","""","""","""","""","""","""","""","""","""","""","""","""",ego01h3xuardzs0cjwlcwvtas,ego01h3xuardzs0cjwlcwvtas,""2652004"",ego01h3xuardzs0cjwlcwvtas:73,""73"",""13"","""",""1"",""10"",""10"",Aerial,""1"",""217"",""2"",""2"",RM2,3kibouup3gxwnnxp3vhz83af7,""3022"",Real Madrid II,Real Madrid II,RM2,Real Madrid II,#0066FF,""3022"",2026-09-12,Águilas,Real Madrid II,""0"",""0"",RM2,RM2,3kibouup3gxwnnxp3vhz83af7,""3022"",AGU,egzh8d35o0fdgv9p2ql5wm7ql,""18832"",""0"",""0"",""1"",""0"",""0"",""1"",""2"",""45"",2026-09-12 11:00:00,L 0-1,0-0,""0,00"",""0,0000"",""0,0"",null-224"
","""","""","""","""","""","""","""","""","""","""","""","""","""",ego01h3xuardzs0cjwlcwvtas,ego01h3xuardzs0cjwlcwvtas,""2652004"",ego01h3xuardzs0cjwlcwvtas:81,""81"","""","""","""","""","""",Aerial,""1"",""231"","""","""",RM2,3kibouup3gxwnnxp3vhz83af7,""3022"",Real Madrid II,Real Madrid II,RM2,Real Madrid II,#0066FF,""3022"",2026-09-12,Águilas,Real Madrid II,""0"",""0"",RM2,RM2,3kibouup3gxwnnxp3vhz83af7,""3022"",AGU,egzh8d35o0fdgv9p2ql5wm7ql,""18832"",""0"",""0"",""1"",""0"",""0"",""1"",""2"",""45"",2026-09-12 11:00:00,L 0-1,0-0,""0,00"",""0,0000"",""0,0"",null-224"
"Pol Fortuny,"""","""","""","""","""","""","""","""","""","""","""",diwvhwul9fvsmpdwosvy8nwus,"""",ego01h3xuardzs0cjwlcwvtas,ego01h3xuardzs0cjwlcwvtas,""2652004"",ego01h3xuardzs0cjwlcwvtas:136,""136"",""21"","""",""1"",""16"",""16"",Tackle,""1"",""406"",""20"",""87"",RM2,3kibouup3gxwnnxp3vhz83af7,""3022"",Real Madrid II,Real Madrid II,RM2,Real Madrid II,#0066FF,""3022"",2026-09-12,Águilas,Real Madrid II,""0"",""0"",RM2,RM2,3kibouup3gxwnnxp3vhz83af7,""3022"",AGU,egzh8d35o0fdgv9p2ql5wm7ql,""18832"",""0"",""0"",""1"",""0"",""0"",""1"",""2"",""45"",2026-09-12 11:00:00,L 0-1,0-0,""0,00"",""0,0000"",""0,0"",null-224"
","""","""","""","""","""","""","""","""","""","""","""","""","""",ego01h3xuardzs0cjwlcwvtas,ego01h3xuardzs0cjwlcwvtas,""2652004"",ego01h3xuardzs0cjwlcwvtas:138,""138"",""21"","""",""2"",""16"",""16"",BallRecovery,""1"",""408"",""20"",""87"",RM2,3kibouup3gxwnnxp3vhz83af7,""3022"",Real Madrid II,Real Madrid II,RM2,Real Madrid II,#0066FF,""3022"",2026-09-12,Águilas,Real Madrid II,""0"",""0"",RM2,RM2,3kibouup3gxwnnxp3vhz83af7,""3022"",AGU,egzh8d35o0fdgv9p2ql5wm7ql,""18832"",""0"",""0"",""1"",""0"",""0"",""1"",""2"",""45"",2026-09-12 11:00:00,L 0-1,0-0,""0,00"",""0,0000"",""0,0"",null-224"
","""","""","""","""","""","""","""","""","""","""","""","""","""",ego01h3xuardzs0cjwlcwvtas,ego01h3xuardzs0cjwlcwvtas,""2652004"",ego01h3xuardzs0cjwlcwvtas:157,""157"","""","""","""","""","""",Challenge,""1"",""502"","""","""",RM2,3kibouup3gxwnnxp3vhz83af7,""3022"",Real Madrid II,Real Madrid II,RM2,Real Madrid II,#0066FF,""3022"",2026-09-12,Águilas,Real Madrid II,""0"",""0"",RM2,RM2,3kibouup3gxwnnxp3vhz83af7,""3022"",AGU,egzh8d35o0fdgv9p2ql5wm7ql,""18832"",""0"",""0"",""1"",""0"",""0"",""1"",""2"",""45"",2026-09-12 11:00:00,L 0-1,0-0,""0,00"",""0,0000"",""0,0"",null-224"
"Diego Aguado,"""","""","""","""","""","""","""","""","""","""","""",4luj0v1ttpt61sniftg4bxrtg,"""",ego01h3xuardzs0cjwlcwvtas,ego01h3xuardzs0cjwlcwvtas,""2652004"",ego01h3xuardzs0cjwlcwvtas:161,""161"","""","""","""","""","""",Interception,""1"",""506"","""","""",RM2,3kibouup3gxwnnxp3vhz83af7,""3022"",Real Madrid II,Real Madrid II,RM2,Real Madrid II,#0066FF,""3022"",2026-09-12,Águilas,Real Madrid II,""0"",""0"",RM2,RM2,3kibouup3gxwnnxp3vhz83af7,""3022"",AGU,egzh8d35o0fdgv9p2ql5wm7ql,""18832"",""0"",""0"",""1"",""0"",""0"",""1"",""2"",""45"",2026-09-12 11:00:00,L 0-1,0-0,""0,00"",""0,0000"",""0,0"",null-224"
"Diego Aguado,"""","""","""","""","""","""","""","""","""","""","""",4luj0v1ttpt61sniftg4bxrtg,"""",ego01h3xuardzs0cjwlcwvtas,ego01h3xuardzs0cjwlcwvtas,""2652004"",ego01h3xuardzs0cjwlcwvtas:172,""172"","""","""","""","""","""",Clearance,""1"",""575"","""","""",RM2,3kibouup3gxwnnxp3vhz83af7,""3022"",Real Madrid II,Real Madrid II,RM2,Real Madrid II,#0066FF,""3022"",2026-09-12,Águilas,Real Madrid II,""0"",""0"",RM2,RM2,3kibouup3gxwnnxp3vhz83af7,""3022"",AGU,egzh8d35o0fdgv9p2ql5wm7ql,""18832"",""0"",""0"",""1"",""0"",""0"",""1"",""2"",""45"",2026-09-12 11:00:00,L 0-1,0-0,""0,00"",""0,0000"",""0,0"",null-224"
"Jesús Fortea,"""","""","""","""","""","""","""","""","""","""","""",8knybibneen7qx8jdg9voh7v8,"""",ego01h3xuardzs0cjwlcwvtas,ego01h3xuardzs0cjwlcwvtas,""2652004"",ego01h3xuardzs0cjwlcwvtas:179,""179"","""","""","""","""","""",Clearance,""1"",""612"","""","""",RM2,3kibouup3gxwnnxp3vhz83af7,""3022"",Real Madrid II,Real Madrid II,RM2,Real Madrid II,#0066FF,""3022"",2026-09-12,Águilas,Real Madrid II,""0"",""0"",RM2,RM2,3kibouup3gxwnnxp3vhz83af7,""3022"",AGU,egzh8d35o0fdgv9p2ql5wm7ql,""18832"",""0"",""0"",""1"",""0"",""0"",""1"",""2"",""45"",2026-09-12 11:00:00,L 0-1,0-0,""0,00"",""0,0000"",""0,0"",null-224"
","""","""","""","""","""","""","""","""","""","""","""","""","""",ego01h3xuardzs0cjwlcwvtas,ego01h3xuardzs0cjwlcwvtas,""2652004"",ego01h3xuardzs0cjwlcwvtas:239,""239"","""","""","""","""","""",Aerial,""1"",""867"","""","""",RM2,3kibouup3gxwnnxp3vhz83af7,""3022"",Real Madrid II,Real Madrid II,RM2,Real Madrid II,#0066FF,""3022"",2026-09-12,Águilas,Real Madrid II,""1"",""0"",RM2,RM2,3kibouup3gxwnnxp3vhz83af7,""3022"",AGU,egzh8d35o0fdgv9p2ql5wm7ql,""18832"",""1"",""0"",""1"",""0"",""0"",""1"",""2"",""45"",2026-09-12 11:00:00,L 0-1,0-1,""0,00"",""0,0000"",""0,0"",null-224"
","""","""","""","""","""","""","""","""","""","""","""","""","""",ego01h3xuardzs0cjwlcwvtas,ego01h3xuardzs0cjwlcwvtas,""2652004"",ego01h3xuardzs0cjwlcwvtas:241,""241"","""","""","""","""","""",Sweeper,""1"",""870"","""","""",RM2,3kibouup3gxwnnxp3vhz83af7,""3022"",Real Madrid II,Real Madrid II,RM2,Real Madrid II,#0066FF,""3022"",2026-09-12,Águilas,Real Madrid II,""1"",""0"",RM2,RM2,3kibouup3gxwnnxp3vhz83af7,""3022"",AGU,egzh8d35o0fdgv9p2ql5wm7ql,""18832"",""1"",""0"",""1"",""0"",""0"",""1"",""2"",""45"",2026-09-12 11:00:00,L 0-1,0-1,""0,00"",""0,0000"",""0,0"",null-224"
"Javi Navarro,"""","""","""","""","""","""","""","""","""","""","""",587fw0wi1ke5kv6tdnyx78xec,"""",ego01h3xuardzs0cjwlcwvtas,ego01h3xuardzs0cjwlcwvtas,""2652004"",ego01h3xuardzs0cjwlcwvtas:242,""242"","""","""","""","""","""",Clearance,""1"",""872"","""","""",RM2,3kibouup3gxwnnxp3vhz83af7,""3022"",Real Madrid II,Real Madrid II,RM2,Real Madrid II,#0066FF,""3022"",2026-09-12,Águilas,Real Madrid II,""1"",""0"",RM2,RM2,3kibouup3gxwnnxp3vhz83af7,""3022"",AGU,egzh8d35o0fdgv9p2ql5wm7ql,""18832"",""1"",""0"",""1"",""0"",""0"",""1"",""2"",""45"",2026-09-12 11:00:00,L 0-1,0-1,""0,00"",""0,0000"",""0,0"",null-224"
","""","""","""","""","""","""","""","""","""","""","""","""","""",ego01h3xuardzs0cjwlcwvtas,ego01h3xuardzs0cjwlcwvtas,""2652004"",ego01h3xuardzs0cjwlcwvtas:247,""247"","""","""","""","""","""",Aerial,""1"",""890"","""","""",RM2,3kibouup3gxwnnxp3vhz83af7,""3022"",Real Madrid II,Real Madrid II,RM2,Real Madrid II,#0066FF,""3022"",2026-09-12,Águilas,Real Madrid II,""1"",""0"",RM2,RM2,3kibouup3gxwnnxp3vhz83af7,""3022"",AGU,egzh8d35o0fdgv9p2ql5wm7ql,""18832"",""1"",""0"",""1"",""0"",""0"",""1"",""2"",""45"",2026-09-12 11:00:00,L 0-1,0-1,""0,00"",""0,0000"",""0,0"",null-224"
","""","""","""","""","""","""","""","""","""","""","""","""","""",ego01h3xuardzs0cjwlcwvtas,ego01h3xuardzs0cjwlcwvtas,""2652004"",ego01h3xuardzs0cjwlcwvtas:250,""250"","""","""","""","""","""",Challenge,""1"",""896"","""","""",RM2,3kibouup3gxwnnxp3vhz83af7,""3022"",Real Madrid II,Real Madrid II,RM2,Real Madrid II,#0066FF,""3022"",2026-09-12,Águilas,Real Madrid II,""1"",""0"",RM2,RM2,3kibouup3gxwnnxp3vhz83af7,""3022"",AGU,egzh8d35o0fdgv9p2ql5wm7ql,""18832"",""1"",""0"",""1"",""0"",""0"",""1"",""2"",""45"",2026-09-12 11:00:00,L 0-1,0-1,""0,00"",""0,0000"",""0,0"",null-224"
"Mario Rivas,"""","""","""","""","""","""","""","""","""","""","""",974pgl5fo69ks8qsv1oorx8us,"""",ego01h3xuardzs0cjwlcwvtas,ego01h3xuardzs0cjwlcwvtas,""2652004"",ego01h3xuardzs0cjwlcwvtas:252,""252"","""","""","""","""","""",Save,""1"",""899"","""","""",RM2,3kibouup3gxwnnxp3vhz83af7,""3022"",Real Madrid II,Real Madrid II,RM2,Real Madrid II,#0066FF,""3022"",2026-09-12,Águilas,Real Madrid II,""1"",""0"",RM2,RM2,3kibouup3gxwnnxp3vhz83af7,""3022"",AGU,egzh8d35o0fdgv9p2ql5wm7ql,""18832"",""1"",""0"",""1"",""0"",""0"",""1"",""2"",""45"",2026-09-12 11:00:00,L 0-1,0-1,""0,00"",""0,0000"",""0,0"",null-224"
"Cestero,"""","""","""","""","""","""","""","""","""","""","""",ecmpznived7xp45o7bm96csno,"""",ego01h3xuardzs0cjwlcwvtas,ego01h3xuardzs0cjwlcwvtas,""2652004"",ego01h3xuardzs0cjwlcwvtas:258,""258"","""","""","""","""","""",Save,""1"",""941"","""","""",RM2,3kibouup3gxwnnxp3vhz83af7,""3022"",Real Madrid II,Real Madrid II,RM2,Real Madrid II,#0066FF,""3022"",2026-09-12,Águilas,Real Madrid II,""1"",""0"",RM2,RM2,3kibouup3gxwnnxp3vhz83af7,""3022"",AGU,egzh8d35o0fdgv9p2ql5wm7ql,""18832"",""1"",""0"",""1"",""0"",""0"",""1"",""2"",""45"",2026-09-12 11:00:00,L 0-1,0-1,""0,00"",""0,0000"",""0,0"",null-224"
","""","""","""","""","""","""","""","""","""","""","""","""","""",ego01h3xuardzs0cjwlcwvtas,ego01h3xuardzs0cjwlcwvtas,""2652004"",ego01h3xuardzs0cjwlcwvtas:261,""261"","""","""","""","""","""",OffsideProvoked,""1"",""943"","""","""",RM2,3kibouup3gxwnnxp3vhz83af7,""3022"",Real Madrid II,Real Madrid II,RM2,Real Madrid II,#0066FF,""3022"",2026-09-12,Águilas,Real Madrid II,""1"",""0"",RM2,RM2,3kibouup3gxwnnxp3vhz83af7,""3022"",AGU,egzh8d35o0fdgv9p2ql5wm7ql,""18832"",""1"",""0"",""1"",""0"",""0"",""1"",""2"",""45"",2026-09-12 11:00:00,L 0-1,0-1,""0,00"",""0,0000"",""0,0"",null-224"
","""","""","""","""","""","""","""","""","""","""","""","""","""",ego01h3xuardzs0cjwlcwvtas,ego01h3xuardzs0cjwlcwvtas,""2652004"",ego01h3xuardzs0cjwlcwvtas:275,""275"","""","""","""","""","""",Aerial,""1"",""1038"","""","""",RM2,3kibouup3gxwnnxp3vhz83af7,""3022"",Real Madrid II,Real Madrid II,RM2,Real Madrid II,#0066FF,""3022"",2026-09-12,Águilas,Real Madrid II,""1"",""0"",RM2,RM2,3kibouup3gxwnnxp3vhz83af7,""3022"",AGU,egzh8d35o0fdgv9p2ql5wm7ql,""18832"",""1"",""0"",""1"",""0"",""0"",""1"",""2"",""45"",2026-09-12 11:00:00,L 0-1,0-1,""0,00"",""0,0000"",""0,0"",null-224"
","""","""","""","""","""","""","""","""","""","""","""","""","""",ego01h3xuardzs0cjwlcwvtas,ego01h3xuardzs0cjwlcwvtas,""2652004"",ego01h3xuardzs0cjwlcwvtas:286,""286"",""41"","""",""2"",""24"",""24"",BallRecovery,""1"",""1046"",""4"",""18"",RM2,3kibouup3gxwnnxp3vhz83af7,""3022"",Real Madrid II,Real Madrid II,RM2,Real Madrid II,#0066FF,""3022"",2026-09-12,Águilas,Real Madrid II,""1"",""0"",RM2,RM2,3kibouup3gxwnnxp3vhz83af7,""3022"",AGU,egzh8d35o0fdgv9p2ql5wm7ql,""18832"",""1"",""0"",""1"",""0"",""0"",""1"",""2"",""45"",2026-09-12 11:00:00,L 0-1,0-1,""0,00"",""0,0000"",""0,0"",null-224"
","""","""","""","""","""","""","""","""","""","""","""","""","""",ego01h3xuardzs0cjwlcwvtas,ego01h3xuardzs0cjwlcwvtas,""2652004"",ego01h3xuardzs0cjwlcwvtas:304,""304"",""45"","""",""1"",""26"",""26"",BallRecovery,""1"",""1073"",""6"",""56"",RM2,3kibouup3gxwnnxp3vhz83af7,""3022"",Real Madrid II,Real Madrid II,RM2,Real Madrid II,#0066FF,""3022"",2026-09-12,Águilas,Real Madrid II,""1"",""0"",RM2,RM2,3kibouup3gxwnnxp3vhz83af7,""3022"",AGU,egzh8d35o0fdgv9p2ql5wm7ql,""18832"",""1"",""0"",""1"",""0"",""0"",""1"",""2"",""45"",2026-09-12 11:00:00,L 0-1,0-1,""0,00"",""0,0000"",""0,0"",null-224"
","""","""","""","""","""","""","""","""","""","""","""","""","""",ego01h3xuardzs0cjwlcwvtas,ego01h3xuardzs0cjwlcwvtas,""2652004"",ego01h3xuardzs0cjwlcwvtas:323,""323"","""","""","""","""","""",Challenge,""1"",""1134"","""","""",RM2,3kibouup3gxwnnxp3vhz83af7,""3022"",Real Madrid II,Real Madrid II,RM2,Real Madrid II,#0066FF,""3022"",2026-09-12,Águilas,Real Madrid II,""1"",""0"",RM2,RM2,3kibouup3gxwnnxp3vhz83af7,""3022"",AGU,egzh8d35o0fdgv9p2ql5wm7ql,""18832"",""1"",""0"",""1"",""0"",""0"",""1"",""2"",""45"",2026-09-12 11:00:00,L 0-1,0-1,""0,00"",""0,0000"",""0,0"",null-224"
"Pol Fortuny,"""","""","""","""","""","""","""","""","""","""","""",diwvhwul9fvsmpdwosvy8nwus,"""",ego01h3xuardzs0cjwlcwvtas,ego01h3xuardzs0cjwlcwvtas,""2652004"",ego01h3xuardzs0cjwlcwvtas:328,""328"",""49"","""",""1"",""28"",""28"",Tackle,""1"",""1139"",""10"",""54"",RM2,3kibouup3gxwnnxp3vhz83af7,""3022"",Real Madrid II,Real Madrid II,RM2,Real Madrid II,#0066FF,""3022"",2026-09-12,Águilas,Real Madrid II,""1"",""0"",RM2,RM2,3kibouup3gxwnnxp3vhz83af7,""3022"",AGU,egzh8d35o0fdgv9p2ql5wm7ql,""18832"",""1"",""0"",""1"",""0"",""0"",""1"",""2"",""45"",2026-09-12 11:00:00,L 0-1,0-1,""0,00"",""0,0000"",""0,0"",null-224"
","""","""","""","""","""","""","""","""","""","""","""","""","""",ego01h3xuardzs0cjwlcwvtas,ego01h3xuardzs0cjwlcwvtas,""2652004"",ego01h3xuardzs0cjwlcwvtas:330,""330"",""49"","""",""3"",""28"",""28"",BallRecovery,""1"",""1143"",""10"",""54"",RM2,3kibouup3gxwnnxp3vhz83af7,""3022"",Real Madrid II,Real Madrid II,RM2,Real Madrid II,#0066FF,""3022"",2026-09-12,Águilas,Real Madrid II,""1"",""0"",RM2,RM2,3kibouup3gxwnnxp3vhz83af7,""3022"",AGU,egzh8d35o0fdgv9p2ql5wm7ql,""18832"",""1"",""0"",""1"",""0"",""0"",""1"",""2"",""45"",2026-09-12 11:00:00,L 0-1,0-1,""0,00"",""0,0000"",""0,0"",null-224"
","""","""","""","""","""","""","""","""","""","""","""","""","""",ego01h3xuardzs0cjwlcwvtas,ego01h3xuardzs0cjwlcwvtas,""2652004"",ego01h3xuardzs0cjwlcwvtas:357,""357"","""","""","""","""","""",Challenge,""1"",""1198"","""","""",RM2,3kibouup3gxwnnxp3vhz83af7,""3022"",Real Madrid II,Real Madrid II,RM2,Real Madrid II,#0066FF,""3022"",2026-09-12,Águilas,Real Madrid II,""1"",""0"",RM2,RM2,3kibouup3gxwnnxp3vhz83af7,""3022"",AGU,egzh8d35o0fdgv9p2ql5wm7ql,""18832"",""1"",""0"",""1"",""0"",""0"",""1"",""2"",""45"",2026-09-12 11:00:00,L 0-1,0-1,""0,00"",""0,0000"",""0,0"",null-224"
"Diego Aguado,"""","""","""","""","""","""","""","""","""","""","""",4luj0v1ttpt61sniftg4bxrtg,"""",ego01h3xuardzs0cjwlcwvtas,ego01h3xuardzs0cjwlcwvtas,""2652004"",ego01h3xuardzs0cjwlcwvtas:363,""363"",""52"","""",""1"",""30"",""30"",Tackle,""1"",""1203"",""11"",""11"",RM2,3kibouup3gxwnnxp3vhz83af7,""3022"",Real Madrid II,Real Madrid II,RM2,Real Madrid II,#0066FF,""3022"",2026-09-12,Águilas,Real Madrid II,""1"",""0"",RM2,RM2,3kibouup3gxwnnxp3vhz83af7,""3022"",AGU,egzh8d35o0fdgv9p2ql5wm7ql,""18832"",""1"",""0"",""1"",""0"",""0"",""1"",""2"",""45"",2026-09-12 11:00:00,L 0-1,0-1,""0,00"",""0,0000"",""0,0"",null-224"
","""","""","""","""","""","""","""","""","""","""","""","""","""",ego01h3xuardzs0cjwlcwvtas,ego01h3xuardzs0cjwlcwvtas,""2652004"",ego01h3xuardzs0cjwlcwvtas:365,""365"",""52"","""",""3"",""30"",""30"",BallRecovery,""1"",""1206"",""11"",""11"",RM2,3kibouup3gxwnnxp3vhz83af7,""3022"",Real Madrid II,Real Madrid II,RM2,Real Madrid II,#0066FF,""3022"",2026-09-12,Águilas,Real Madrid II,""1"",""0"",RM2,RM2,3kibouup3gxwnnxp3vhz83af7,""3022"",AGU,egzh8d35o0fdgv9p2ql5wm7ql,""18832"",""1"",""0"",""1"",""0"",""0"",""1"",""2"",""45"",2026-09-12 11:00:00,L 0-1,0-1,""0,00"",""0,0000"",""0,0"",null-224"
"Roberto Martín,"""","""","""","""","""","""","""","""","""","""","""",9b2viksiavag66sxdw7n45qms,"""",ego01h3xuardzs0cjwlcwvtas,ego01h3xuardzs0cjwlcwvtas,""2652004"",ego01h3xuardzs0cjwlcwvtas:375,""375"","""","""","""","""","""",Tackle,""1"",""1222"","""","""",RM2,3kibouup3gxwnnxp3vhz83af7,""3022"",Real Madrid II,Real Madrid II,RM2,Real Madrid II,#0066FF,""3022"",2026-09-12,Águilas,Real Madrid II,""1"",""0"",RM2,RM2,3kibouup3gxwnnxp3vhz83af7,""3022"",AGU,egzh8d35o0fdgv9p2ql5wm7ql,""18832"",""1"",""0"",""1"",""0"",""0"",""1"",""2"",""45"",2026-09-12 11:00:00,L 0-1,0-1,""0,00"",""0,0000"",""0,0"",null-224"
"Mario Rivas,"""","""","""","""","""","""","""","""","""","""","""",974pgl5fo69ks8qsv1oorx8us,"""",ego01h3xuardzs0cjwlcwvtas,ego01h3xuardzs0cjwlcwvtas,""2652004"",ego01h3xuardzs0cjwlcwvtas:386,""386"","""","""","""","""","""",BlockedPass,""1"",""1256"","""","""",RM2,3kibouup3gxwnnxp3vhz83af7,""3022"",Real Madrid II,Real Madrid II,RM2,Real Madrid II,#0066FF,""3022"",2026-09-12,Águilas,Real Madrid II,""1"",""0"",RM2,RM2,3kibouup3gxwnnxp3vhz83af7,""3022"",AGU,egzh8d35o0fdgv9p2ql5wm7ql,""18832"",""1"",""0"",""1"",""0"",""0"",""1"",""2"",""45"",2026-09-12 11:00:00,L 0-1,0-1,""0,00"",""0,0000"",""0,0"",null-224"
"Jesús Fortea,"""","""","""","""","""","""","""","""","""","""","""",8knybibneen7qx8jdg9voh7v8,"""",ego01h3xuardzs0cjwlcwvtas,ego01h3xuardzs0cjwlcwvtas,""2652004"",ego01h3xuardzs0cjwlcwvtas:393,""393"","""","""","""","""","""",Tackle,""1"",""1292"","""","""",RM2,3kibouup3gxwnnxp3vhz83af7,""3022"",Real Madrid II,Real Madrid II,RM2,Real Madrid II,#0066FF,""3022"",2026-09-12,Águilas,Real Madrid II,""1"",""0"",RM2,RM2,3kibouup3gxwnnxp3vhz83af7,""3022"",AGU,egzh8d35o0fdgv9p2ql5wm7ql,""18832"",""1"",""0"",""1"",""0"",""0"",""1"",""2"",""45"",2026-09-12 11:00:00,L 0-1,0-1,""0,00"",""0,0000"",""0,0"",null-224"
"Sergio Martínez,"""","""","""","""","""","""","""","""","""","""","""",47ry2872euav99idwipg2a49g,"""",ego01h3xuardzs0cjwlcwvtas,ego01h3xuardzs0cjwlcwvtas,""2652004"",ego01h3xuardzs0cjwlcwvtas:399,""399"","""","""","""","""","""",Clearance,""1"",""1304"","""","""",RM2,3kibouup3gxwnnxp3vhz83af7,""3022"",Real Madrid II,Real Madrid II,RM2,Real Madrid II,#0066FF,""3022"",2026-09-12,Águilas,Real Madrid II,""1"",""0"",RM2,RM2,3kibouup3gxwnnxp3vhz83af7,""3022"",AGU,egzh8d35o0fdgv9p2ql5wm7ql,""18832"",""1"",""0"",""1"",""0"",""0"",""1"",""2"",""45"",2026-09-12 11:00:00,L 0-1,0-1,""0,00"",""0,0000"",""0,0"",null-224"
"Cestero,"""","""","""","""","""","""","""","""","""","""","""",ecmpznived7xp45o7bm96csno,"""",ego01h3xuardzs0cjwlcwvtas,ego01h3xuardzs0cjwlcwvtas,""2652004"",ego01h3xuardzs0cjwlcwvtas:411,""411"","""","""","""","""","""",Clearance,""1"",""1342"","""","""",RM2,3kibouup3gxwnnxp3vhz83af7,""3022"",Real Madrid II,Real Madrid II,RM2,Real Madrid II,#0066FF,""3022"",2026-09-12,Águilas,Real Madrid II,""1"",""0"",RM2,RM2,3kibouup3gxwnnxp3vhz83af7,""3022"",AGU,egzh8d35o0fdgv9p2ql5wm7ql,""18832"",""1"",""0"",""1"",""0"",""0"",""1"",""2"",""45"",2026-09-12 11:00:00,L 0-1,0-1,""0,00"",""0,0000"",""0,0"",null-224"
"Joan Martínez,"""","""","""","""","""","""","""","""","""","""","""",4aihdtm9m5evl5ohlx54ccs9g,"""",ego01h3xuardzs0cjwlcwvtas,ego01h3xuardzs0cjwlcwvtas,""2652004"",ego01h3xuardzs0cjwlcwvtas:416,""416"","""","""","""","""","""",Clearance,""1"",""1370"","""","""",RM2,3kibouup3gxwnnxp3vhz83af7,""3022"",Real Madrid II,Real Madrid II,RM2,Real Madrid II,#0066FF,""3022"",2026-09-12,Águilas,Real Madrid II,""1"",""0"",RM2,RM2,3kibouup3gxwnnxp3vhz83af7,""3022"",AGU,egzh8d35o0fdgv9p2ql5wm7ql,""18832"",""1"",""0"",""1"",""0"",""0"",""1"",""2"",""45"",2026-09-12 11:00:00,L 0-1,0-1,""0,00"",""0,0000"",""0,0"",null-224"
"Pol Fortuny,"""","""","""","""","""","""","""","""","""","""","""",diwvhwul9fvsmpdwosvy8nwus,"""",ego01h3xuardzs0cjwlcwvtas,ego01h3xuardzs0cjwlcwvtas,""2652004"",ego01h3xuardzs0cjwlcwvtas:417,""417"","""","""","""","""","""",Clearance,""1"",""1373"","""","""",RM2,3kibouup3gxwnnxp3vhz83af7,""3022"",Real Madrid II,Real Madrid II,RM2,Real Madrid II,#0066FF,""3022"",2026-09-12,Águilas,Real Madrid II,""1"",""0"",RM2,RM2,3kibouup3gxwnnxp3vhz83af7,""3022"",AGU,egzh8d35o0fdgv9p2ql5wm7ql,""18832"",""1"",""0"",""1"",""0"",""0"",""1"",""2"",""45"",2026-09-12 11:00:00,L 0-1,0-1,""0,00"",""0,0000"",""0,0"",null-224"
"R. Fettal,"""","""","""","""","""","""","""","""","""","""","""",bhm1k39pmnmzfprk4beva5mac,"""",ego01h3xuardzs0cjwlcwvtas,ego01h3xuardzs0cjwlcwvtas,""2652004"",ego01h3xuardzs0cjwlcwvtas:420,""420"","""","""","""","""","""",Save,""1"",""1373"","""","""",RM2,3kibouup3gxwnnxp3vhz83af7,""3022"",Real Madrid II,Real Madrid II,RM2,Real Madrid II,#0066FF,""3022"",2026-09-12,Águilas,Real Madrid II,""1"",""0"",RM2,RM2,3kibouup3gxwnnxp3vhz83af7,""3022"",AGU,egzh8d35o0fdgv9p2ql5wm7ql,""18832"",""1"",""0"",""1"",""0"",""0"",""1"",""2"",""45"",2026-09-12 11:00:00,L 0-1,0-1,""0,00"",""0,0000"",""0,0"",null-224"
"Joan Martínez,"""","""","""","""","""","""","""","""","""","""","""",4aihdtm9m5evl5ohlx54ccs9g,"""",ego01h3xuardzs0cjwlcwvtas,ego01h3xuardzs0cjwlcwvtas,""2652004"",ego01h3xuardzs0cjwlcwvtas:423,""423"","""","""","""","""","""",Save,""1"",""1377"","""","""",RM2,3kibouup3gxwnnxp3vhz83af7,""3022"",Real Madrid II,Real Madrid II,RM2,Real Madrid II,#0066FF,""3022"",2026-09-12,Águilas,Real Madrid II,""1"",""0"",RM2,RM2,3kibouup3gxwnnxp3vhz83af7,""3022"",AGU,egzh8d35o0fdgv9p2ql5wm7ql,""18832"",""1"",""0"",""1"",""0"",""0"",""1"",""2"",""45"",2026-09-12 11:00:00,L 0-1,0-1,""0,00"",""0,0000"",""0,0"",null-224"
","""","""","""","""","""","""","""","""","""","""","""","""","""",ego01h3xuardzs0cjwlcwvtas,ego01h3xuardzs0cjwlcwvtas,""2652004"",ego01h3xuardzs0cjwlcwvtas:426,""426"",""64"","""",""1"",""34"",""34"",BallRecovery,""1"",""1380"",""10"",""10"",RM2,3kibouup3gxwnnxp3vhz83af7,""3022"",Real Madrid II,Real Madrid II,RM2,Real Madrid II,#0066FF,""3022"",2026-09-12,Águilas,Real Madrid II,""1"",""0"",RM2,RM2,3kibouup3gxwnnxp3vhz83af7,""3022"",AGU,egzh8d35o0fdgv9p2ql5wm7ql,""18832"",""1"",""0"",""1"",""0"",""0"",""1"",""2"",""45"",2026-09-12 11:00:00,L 0-1,0-1,""0,00"",""0,0000"",""0,0"",null-224"
","""","""","""","""","""","""","""","""","""","""","""","""","""",ego01h3xuardzs0cjwlcwvtas,ego01h3xuardzs0cjwlcwvtas,""2652004"",ego01h3xuardzs0cjwlcwvtas:462,""462"","""","""","""","""","""",Aerial,""1"",""1491"","""","""",RM2,3kibouup3gxwnnxp3vhz83af7,""3022"",Real Madrid II,Real Madrid II,RM2,Real Madrid II,#0066FF,""3022"",2026-09-12,Águilas,Real Madrid II,""1"",""0"",RM2,RM2,3kibouup3gxwnnxp3vhz83af7,""3022"",AGU,egzh8d35o0fdgv9p2ql5wm7ql,""18832"",""1"",""0"",""1"",""0"",""0"",""1"",""2"",""45"",2026-09-12 11:00:00,L 0-1,0-1,""0,00"",""0,0000"",""0,0"",null-224"
"Diego Aguado,"""","""","""","""","""","""","""","""","""","""","""",4luj0v1ttpt61sniftg4bxrtg,"""",ego01h3xuardzs0cjwlcwvtas,ego01h3xuardzs0cjwlcwvtas,""2652004"",ego01h3xuardzs0cjwlcwvtas:464,""464"","""","""","""","""","""",Clearance,""1"",""1492"","""","""",RM2,3kibouup3gxwnnxp3vhz83af7,""3022"",Real Madrid II,Real Madrid II,RM2,Real Madrid II,#0066FF,""3022"",2026-09-12,Águilas,Real Madrid II,""1"",""0"",RM2,RM2,3kibouup3gxwnnxp3vhz83af7,""3022"",AGU,egzh8d35o0fdgv9p2ql5wm7ql,""18832"",""1"",""0"",""1"",""0"",""0"",""1"",""2"",""45"",2026-09-12 11:00:00,L 0-1,0-1,""0,00"",""0,0000"",""0,0"",null-224"
","""","""","""","""","""","""","""","""","""","""","""","""","""",ego01h3xuardzs0cjwlcwvtas,ego01h3xuardzs0cjwlcwvtas,""2652004"",ego01h3xuardzs0cjwlcwvtas:488,""488"",""74"","""",""4"",""42"",""42"",BallRecovery,""1"",""1593"",""6"",""53"",RM2,3kibouup3gxwnnxp3vhz83af7,""3022"",Real Madrid II,Real Madrid II,RM2,Real Madrid II,#0066FF,""3022"",2026-09-12,Águilas,Real Madrid II,""1"",""0"",RM2,RM2,3kibouup3gxwnnxp3vhz83af7,""3022"",AGU,egzh8d35o0fdgv9p2ql5wm7ql,""18832"",""1"",""0"",""1"",""0"",""0"",""1"",""2"",""45"",2026-09-12 11:00:00,L 0-1,0-1,""0,00"",""0,0000"",""0,0"",null-224"
","""","""","""","""","""","""","""","""","""","""","""","""","""",ego01h3xuardzs0cjwlcwvtas,ego01h3xuardzs0cjwlcwvtas,""2652004"",ego01h3xuardzs0cjwlcwvtas:569,""569"",""84"","""",""1"",""50"",""50"",BallRecovery,""1"",""1966"",""1"",""1"",RM2,3kibouup3gxwnnxp3vhz83af7,""3022"",Real Madrid II,Real Madrid II,RM2,Real Madrid II,#0066FF,""3022"",2026-09-12,Águilas,Real Madrid II,""1"",""0"",RM2,RM2,3kibouup3gxwnnxp3vhz83af7,""3022"",AGU,egzh8d35o0fdgv9p2ql5wm7ql,""18832"",""1"",""0"",""1"",""0"",""0"",""1"",""2"",""45"",2026-09-12 11:00:00,L 0-1,0-1,""0,00"",""0,0000"",""0,0"",null-224"
"Pol Fortuny,"""","""","""","""","""","""","""","""","""","""","""",diwvhwul9fvsmpdwosvy8nwus,"""",ego01h3xuardzs0cjwlcwvtas,ego01h3xuardzs0cjwlcwvtas,""2652004"",ego01h3xuardzs0cjwlcwvtas:634,""634"","""","""","""","""","""",BlockedPass,""1"",""2119"","""","""",RM2,3kibouup3gxwnnxp3vhz83af7,""3022"",Real Madrid II,Real Madrid II,RM2,Real Madrid II,#0066FF,""3022"",2026-09-12,Águilas,Real Madrid II,""1"",""0"",RM2,RM2,3kibouup3gxwnnxp3vhz83af7,""3022"",AGU,egzh8d35o0fdgv9p2ql5wm7ql,""18832"",""1"",""0"",""1"",""0"",""0"",""1"",""2"",""45"",2026-09-12 11:00:00,L 0-1,0-1,""0,00"",""0,0000"",""0,0"",null-224"
"Pol Fortuny,"""","""","""","""","""","""","""","""","""","""","""",diwvhwul9fvsmpdwosvy8nwus,"""",ego01h3xuardzs0cjwlcwvtas,ego01h3xuardzs0cjwlcwvtas,""2652004"",ego01h3xuardzs0cjwlcwvtas:661,""661"",""100"","""",""1"",""62"",""62"",BlockedPass,""1"",""2170"",""7"",""43"",RM2,3kibouup3gxwnnxp3vhz83af7,""3022"",Real Madrid II,Real Madrid II,RM2,Real Madrid II,#0066FF,""3022"",2026-09-12,Águilas,Real Madrid II,""1"",""0"",RM2,RM2,3kibouup3gxwnnxp3vhz83af7,""3022"",AGU,egzh8d35o0fdgv9p2ql5wm7ql,""18832"",""1"",""0"",""1"",""0"",""0"",""1"",""2"",""45"",2026-09-12 11:00:00,L 0-1,0-1,""0,00"",""0,0000"",""0,0"",null-224"
","""","""","""","""","""","""","""","""","""","""","""","""","""",ego01h3xuardzs0cjwlcwvtas,ego01h3xuardzs0cjwlcwvtas,""2652004"",ego01h3xuardzs0cjwlcwvtas:662,""662"",""100"","""",""2"",""62"",""62"",BallRecovery,""1"",""2172"",""7"",""43"",RM2,3kibouup3gxwnnxp3vhz83af7,""3022"",Real Madrid II,Real Madrid II,RM2,Real Madrid II,#0066FF,""3022"",2026-09-12,Águilas,Real Madrid II,""1"",""0"",RM2,RM2,3kibouup3gxwnnxp3vhz83af7,""3022"",AGU,egzh8d35o0fdgv9p2ql5wm7ql,""18832"",""1"",""0"",""1"",""0"",""0"",""1"",""2"",""45"",2026-09-12 11:00:00,L 0-1,0-1,""0,00"",""0,0000"",""0,0"",null-224"
"Ávaro Leiva,"""","""","""","""","""","""","""","""","""","""","""",3jzkkcd5ysauxk07bli7ic2l0,"""",ego01h3xuardzs0cjwlcwvtas,ego01h3xuardzs0cjwlcwvtas,""2652004"",ego01h3xuardzs0cjwlcwvtas:701,""701"",""105"","""",""1"",""66"",""66"",Tackle,""1"",""2241"",""14"",""14"",RM2,3kibouup3gxwnnxp3vhz83af7,""3022"",Real Madrid II,Real Madrid II,RM2,Real Madrid II,#0066FF,""3022"",2026-09-12,Águilas,Real Madrid II,""1"",""0"",RM2,RM2,3kibouup3gxwnnxp3vhz83af7,""3022"",AGU,egzh8d35o0fdgv9p2ql5wm7ql,""18832"",""1"",""0"",""1"",""0"",""0"",""1"",""2"",""45"",2026-09-12 11:00:00,L 0-1,0-1,""0,00"",""0,0000"",""0,0"",null-224"
","""","""","""","""","""","""","""","""","""","""","""","""","""",ego01h3xuardzs0cjwlcwvtas,ego01h3xuardzs0cjwlcwvtas,""2652004"",ego01h3xuardzs0cjwlcwvtas:702,""702"",""105"","""",""2"",""66"",""66"",BallRecovery,""1"",""2243"",""14"",""14"",RM2,3kibouup3gxwnnxp3vhz83af7,""3022"",Real Madrid II,Real Madrid II,RM2,Real Madrid II,#0066FF,""3022"",2026-09-12,Águilas,Real Madrid II,""1"",""0"",RM2,RM2,3kibouup3gxwnnxp3vhz83af7,""3022"",AGU,egzh8d35o0fdgv9p2ql5wm7ql,""18832"",""1"",""0"",""1"",""0"",""0"",""1"",""2"",""45"",2026-09-12 11:00:00,L 0-1,0-1,""0,00"",""0,0000"",""0,0"",null-224"
","""","""","""","""","""","""","""","""","""","""","""","""","""",ego01h3xuardzs0cjwlcwvtas,ego01h3xuardzs0cjwlcwvtas,""2652004"",ego01h3xuardzs0cjwlcwvtas:714,""714"",""107"","""",""2"",""68"",""68"",BallRecovery,""1"",""2260"",""6"",""6"",RM2,3kibouup3gxwnnxp3vhz83af7,""3022"",Real Madrid II,Real Madrid II,RM2,Real Madrid II,#0066FF,""3022"",2026-09-12,Águilas,Real Madrid II,""1"",""0"",RM2,RM2,3kibouup3gxwnnxp3vhz83af7,""3022"",AGU,egzh8d35o0fdgv9p2ql5wm7ql,""18832"",""1"",""0"",""1"",""0"",""0"",""1"",""2"",""45"",2026-09-12 11:00:00,L 0-1,0-1,""0,00"",""0,0000"",""0,0"",null-224"
","""","""","""","""","""","""","""","""","""","""","""","""","""",ego01h3xuardzs0cjwlcwvtas,ego01h3xuardzs0cjwlcwvtas,""2652004"",ego01h3xuardzs0cjwlcwvtas:723,""723"",""109"","""",""1"",""70"",""70"",BallRecovery,""1"",""2268"",""20"",""24"",RM2,3kibouup3gxwnnxp3vhz83af7,""3022"",Real Madrid II,Real Madrid II,RM2,Real Madrid II,#0066FF,""3022"",2026-09-12,Águilas,Real Madrid II,""1"",""0"",RM2,RM2,3kibouup3gxwnnxp3vhz83af7,""3022"",AGU,egzh8d35o0fdgv9p2ql5wm7ql,""18832"",""1"",""0"",""1"",""0"",""0"",""1"",""2"",""45"",2026-09-12 11:00:00,L 0-1,0-1,""0,00"",""0,0000"",""0,0"",null-224"
","""","""","""","""","""","""","""","""","""","""","""","""","""",ego01h3xuardzs0cjwlcwvtas,ego01h3xuardzs0cjwlcwvtas,""2652004"",ego01h3xuardzs0cjwlcwvtas:743,""743"","""","""","""","""","""",Aerial,""1"",""2302"","""","""",RM2,3kibouup3gxwnnxp3vhz83af7,""3022"",Real Madrid II,Real Madrid II,RM2,Real Madrid II,#0066FF,""3022"",2026-09-12,Águilas,Real Madrid II,""1"",""0"",RM2,RM2,3kibouup3gxwnnxp3vhz83af7,""3022"",AGU,egzh8d35o0fdgv9p2ql5wm7ql,""18832"",""1"",""0"",""1"",""0"",""0"",""1"",""2"",""45"",2026-09-12 11:00:00,L 0-1,0-1,""0,00"",""0,0000"",""0,0"",null-224"
"Ávaro Leiva,"""","""","""","""","""","""","""","""","""","""","""",3jzkkcd5ysauxk07bli7ic2l0,"""",ego01h3xuardzs0cjwlcwvtas,ego01h3xuardzs0cjwlcwvtas,""2652004"",ego01h3xuardzs0cjwlcwvtas:764,""764"","""","""","""","""","""",Tackle,""1"",""2345"","""","""",RM2,3kibouup3gxwnnxp3vhz83af7,""3022"",Real Madrid II,Real Madrid II,RM2,Real Madrid II,#0066FF,""3022"",2026-09-12,Águilas,Real Madrid II,""1"",""0"",RM2,RM2,3kibouup3gxwnnxp3vhz83af7,""3022"",AGU,egzh8d35o0fdgv9p2ql5wm7ql,""18832"",""1"",""0"",""1"",""0"",""0"",""1"",""2"",""45"",2026-09-12 11:00:00,L 0-1,0-1,""0,00"",""0,0000"",""0,0"",null-224"
","""","""","""","""","""","""","""","""","""","""","""","""","""",ego01h3xuardzs0cjwlcwvtas,ego01h3xuardzs0cjwlcwvtas,""2652004"",ego01h3xuardzs0cjwlcwvtas:774,""774"",""117"","""",""3"",""74"",""74"",BallRecovery,""1"",""2377"",""35"",""35"",RM2,3kibouup3gxwnnxp3vhz83af7,""3022"",Real Madrid II,Real Madrid II,RM2,Real Madrid II,#0066FF,""3022"",2026-09-12,Águilas,Real Madrid II,""1"",""0"",RM2,RM2,3kibouup3gxwnnxp3vhz83af7,""3022"",AGU,egzh8d35o0fdgv9p2ql5wm7ql,""18832"",""1"",""0"",""1"",""0"",""0"",""1"",""2"",""45"",2026-09-12 11:00:00,L 0-1,0-1,""0,00"",""0,0000"",""0,0"",null-224"
"Diego Aguado,"""","""","""","""","""","""","""","""","""","""","""",4luj0v1ttpt61sniftg4bxrtg,"""",ego01h3xuardzs0cjwlcwvtas,ego01h3xuardzs0cjwlcwvtas,""2652004"",ego01h3xuardzs0cjwlcwvtas:790,""790"","""","""","""","""","""",Tackle,""1"",""2412"","""","""",RM2,3kibouup3gxwnnxp3vhz83af7,""3022"",Real Madrid II,Real Madrid II,RM2,Real Madrid II,#0066FF,""3022"",2026-09-12,Águilas,Real Madrid II,""1"",""0"",RM2,RM2,3kibouup3gxwnnxp3vhz83af7,""3022"",AGU,egzh8d35o0fdgv9p2ql5wm7ql,""18832"",""1"",""0"",""1"",""0"",""0"",""1"",""2"",""45"",2026-09-12 11:00:00,L 0-1,0-1,""0,00"",""0,0000"",""0,0"",null-224"
","""","""","""","""","""","""","""","""","""","""","""","""","""",ego01h3xuardzs0cjwlcwvtas,ego01h3xuardzs0cjwlcwvtas,""2652004"",ego01h3xuardzs0cjwlcwvtas:799,""799"",""120"","""",""1"",""76"",""76"",BallRecovery,""1"",""2440"",""25"",""31"",RM2,3kibouup3gxwnnxp3vhz83af7,""3022"",Real Madrid II,Real Madrid II,RM2,Real Madrid II,#0066FF,""3022"",2026-09-12,Águilas,Real Madrid II,""1"",""0"",RM2,RM2,3kibouup3gxwnnxp3vhz83af7,""3022"",AGU,egzh8d35o0fdgv9p2ql5wm7ql,""18832"",""1"",""0"",""1"",""0"",""0"",""1"",""2"",""45"",2026-09-12 11:00:00,L 0-1,0-1,""0,00"",""0,0000"",""0,0"",null-224"
","""","""","""","""","""","""","""","""","""","""","""","""","""",ego01h3xuardzs0cjwlcwvtas,ego01h3xuardzs0cjwlcwvtas,""2652004"",ego01h3xuardzs0cjwlcwvtas:829,""829"",""125"","""",""3"",""80"",""80"",BallRecovery,""1"",""2488"",""7"",""20"",RM2,3kibouup3gxwnnxp3vhz83af7,""3022"",Real Madrid II,Real Madrid II,RM2,Real Madrid II,#0066FF,""3022"",2026-09-12,Águilas,Real Madrid II,""1"",""0"",RM2,RM2,3kibouup3gxwnnxp3vhz83af7,""3022"",AGU,egzh8d35o0fdgv9p2ql5wm7ql,""18832"",""1"",""0"",""1"",""0"",""0"",""1"",""2"",""45"",2026-09-12 11:00:00,L 0-1,0-1,""0,00"",""0,0000"",""0,0"",null-224"
","""","""","""","""","""","""","""","""","""","""","""","""","""",ego01h3xuardzs0cjwlcwvtas,ego01h3xuardzs0cjwlcwvtas,""2652004"",ego01h3xuardzs0cjwlcwvtas:847,""847"","""","""","""",""82"",""82"",Aerial,""1"",""2515"","""",""16"",RM2,3kibouup3gxwnnxp3vhz83af7,""3022"",Real Madrid II,Real Madrid II,RM2,Real Madrid II,#0066FF,""3022"",2026-09-12,Águilas,Real Madrid II,""1"",""0"",RM2,RM2,3kibouup3gxwnnxp3vhz83af7,""3022"",AGU,egzh8d35o0fdgv9p2ql5wm7ql,""18832"",""1"",""0"",""1"",""0"",""0"",""1"",""2"",""45"",2026-09-12 11:00:00,L 0-1,0-1,""0,00"",""0,0000"",""0,0"",null-224"
","""","""","""","""","""","""","""","""","""","""","""","""","""",ego01h3xuardzs0cjwlcwvtas,ego01h3xuardzs0cjwlcwvtas,""2652004"",ego01h3xuardzs0cjwlcwvtas:852,""852"",""129"","""",""2"",""82"",""82"",BallRecovery,""1"",""2519"",""12"",""16"",RM2,3kibouup3gxwnnxp3vhz83af7,""3022"",Real Madrid II,Real Madrid II,RM2,Real Madrid II,#0066FF,""3022"",2026-09-12,Águilas,Real Madrid II,""1"",""0"",RM2,RM2,3kibouup3gxwnnxp3vhz83af7,""3022"",AGU,egzh8d35o0fdgv9p2ql5wm7ql,""18832"",""1"",""0"",""1"",""0"",""0"",""1"",""2"",""45"",2026-09-12 11:00:00,L 0-1,0-1,""0,00"",""0,0000"",""0,0"",null-224"
","""","""","""","""","""","""","""","""","""","""","""","""","""",ego01h3xuardzs0cjwlcwvtas,ego01h3xuardzs0cjwlcwvtas,""2652004"",ego01h3xuardzs0cjwlcwvtas:865,""865"",""131"","""",""1"",""84"",""84"",BallRecovery,""1"",""2566"",""2"",""2"",RM2,3kibouup3gxwnnxp3vhz83af7,""3022"",Real Madrid II,Real Madrid II,RM2,Real Madrid II,#0066FF,""3022"",2026-09-12,Águilas,Real Madrid II,""1"",""0"",RM2,RM2,3kibouup3gxwnnxp3vhz83af7,""3022"",AGU,egzh8d35o0fdgv9p2ql5wm7ql,""18832"",""1"",""0"",""1"",""0"",""0"",""1"",""2"",""45"",2026-09-12 11:00:00,L 0-1,0-1,""0,00"",""0,0000"",""0,0"",null-224"
"Ávaro Leiva,"""","""","""","""","""","""","""","""","""","""","""",3jzkkcd5ysauxk07bli7ic2l0,"""",ego01h3xuardzs0cjwlcwvtas,ego01h3xuardzs0cjwlcwvtas,""2652004"",ego01h3xuardzs0cjwlcwvtas:873,""873"","""","""","""","""","""",Tackle,""1"",""2579"","""","""",RM2,3kibouup3gxwnnxp3vhz83af7,""3022"",Real Madrid II,Real Madrid II,RM2,Real Madrid II,#0066FF,""3022"",2026-09-12,Águilas,Real Madrid II,""1"",""0"",RM2,RM2,3kibouup3gxwnnxp3vhz83af7,""3022"",AGU,egzh8d35o0fdgv9p2ql5wm7ql,""18832"",""1"",""0"",""1"",""0"",""0"",""1"",""2"",""45"",2026-09-12 11:00:00,L 0-1,0-1,""0,00"",""0,0000"",""0,0"",null-224"
"Mario Rivas,"""","""","""","""","""","""","""","""","""","""","""",974pgl5fo69ks8qsv1oorx8us,"""",ego01h3xuardzs0cjwlcwvtas,ego01h3xuardzs0cjwlcwvtas,""2652004"",ego01h3xuardzs0cjwlcwvtas:877,""877"","""","""","""","""","""",Save,""1"",""2584"","""","""",RM2,3kibouup3gxwnnxp3vhz83af7,""3022"",Real Madrid II,Real Madrid II,RM2,Real Madrid II,#0066FF,""3022"",2026-09-12,Águilas,Real Madrid II,""1"",""0"",RM2,RM2,3kibouup3gxwnnxp3vhz83af7,""3022"",AGU,egzh8d35o0fdgv9p2ql5wm7ql,""18832"",""1"",""0"",""1"",""0"",""0"",""1"",""2"",""45"",2026-09-12 11:00:00,L 0-1,0-1,""0,00"",""0,0000"",""0,0"",null-224"
","""","""","""","""","""","""","""","""","""","""","""","""","""",ego01h3xuardzs0cjwlcwvtas,ego01h3xuardzs0cjwlcwvtas,""2652004"",ego01h3xuardzs0cjwlcwvtas:881,""881"",""134"","""",""2"",""86"",""86"",BallRecovery,""1"",""2588"",""70"",""70"",RM2,3kibouup3gxwnnxp3vhz83af7,""3022"",Real Madrid II,Real Madrid II,RM2,Real Madrid II,#0066FF,""3022"",2026-09-12,Águilas,Real Madrid II,""1"",""0"",RM2,RM2,3kibouup3gxwnnxp3vhz83af7,""3022"",AGU,egzh8d35o0fdgv9p2ql5wm7ql,""18832"",""1"",""0"",""1"",""0"",""0"",""1"",""2"",""45"",2026-09-12 11:00:00,L 0-1,0-1,""0,00"",""0,0000"",""0,0"",null-224"
","""","""","""","""","""","""","""","""","""","""","""","""","""",ego01h3xuardzs0cjwlcwvtas,ego01h3xuardzs0cjwlcwvtas,""2652004"",ego01h3xuardzs0cjwlcwvtas:932,""932"","""","""","""",""88"",""88"",Aerial,""1"",""2796"","""",""70"",RM2,3kibouup3gxwnnxp3vhz83af7,""3022"",Real Madrid II,Real Madrid II,RM2,Real Madrid II,#0066FF,""3022"",2026-09-12,Águilas,Real Madrid II,""1"",""0"",RM2,RM2,3kibouup3gxwnnxp3vhz83af7,""3022"",AGU,egzh8d35o0fdgv9p2ql5wm7ql,""18832"",""1"",""0"",""1"",""0"",""0"",""1"",""2"",""45"",2026-09-12 11:00:00,L 0-1,0-1,""0,00"",""0,0000"",""0,0"",null-224"
","""","""","""","""","""","""","""","""","""","""","""","""","""",ego01h3xuardzs0cjwlcwvtas,ego01h3xuardzs0cjwlcwvtas,""2652004"",ego01h3xuardzs0cjwlcwvtas:941,""941"","""","""","""","""","""",Aerial,""1"",""2866"","""","""",RM2,3kibouup3gxwnnxp3vhz83af7,""3022"",Real Madrid II,Real Madrid II,RM2,Real Madrid II,#0066FF,""3022"",2026-09-12,Águilas,Real Madrid II,""1"",""0"",RM2,RM2,3kibouup3gxwnnxp3vhz83af7,""3022"",AGU,egzh8d35o0fdgv9p2ql5wm7ql,""18832"",""1"",""0"",""1"",""0"",""0"",""1"",""2"",""45"",2026-09-12 11:00:00,L 0-1,0-1,""0,00"",""0,0000"",""0,0"",null-224"
"Mario Rivas,"""","""","""","""","""","""","""","""","""","""","""",974pgl5fo69ks8qsv1oorx8us,"""",ego01h3xuardzs0cjwlcwvtas,ego01h3xuardzs0cjwlcwvtas,""2652004"",ego01h3xuardzs0cjwlcwvtas:950,""950"",""142"","""",""1"",""90"",""90"",Tackle,""1"",""2869"",""6"",""61"",RM2,3kibouup3gxwnnxp3vhz83af7,""3022"",Real Madrid II,Real Madrid II,RM2,Real Madrid II,#0066FF,""3022"",2026-09-12,Águilas,Real Madrid II,""1"",""0"",RM2,RM2,3kibouup3gxwnnxp3vhz83af7,""3022"",AGU,egzh8d35o0fdgv9p2ql5wm7ql,""18832"",""1"",""0"",""1"",""0"",""0"",""1"",""2"",""45"",2026-09-12 11:00:00,L 0-1,0-1,""0,00"",""0,0000"",""0,0"",null-224"
","""","""","""","""","""","""","""","""","""","""","""","""","""",ego01h3xuardzs0cjwlcwvtas,ego01h3xuardzs0cjwlcwvtas,""2652004"",ego01h3xuardzs0cjwlcwvtas:952,""952"",""142"","""",""2"",""90"",""90"",BallRecovery,""1"",""2872"",""6"",""61"",RM2,3kibouup3gxwnnxp3vhz83af7,""3022"",Real Madrid II,Real Madrid II,RM2,Real Madrid II,#0066FF,""3022"",2026-09-12,Águilas,Real Madrid II,""1"",""0"",RM2,RM2,3kibouup3gxwnnxp3vhz83af7,""3022"",AGU,egzh8d35o0fdgv9p2ql5wm7ql,""18832"",""1"",""0"",""1"",""0"",""0"",""1"",""2"",""45"",2026-09-12 11:00:00,L 0-1,0-1,""0,00"",""0,0000"",""0,0"",null-224"
","""","""","""","""","""","""","""","""","""","""","""","""","""",ego01h3xuardzs0cjwlcwvtas,ego01h3xuardzs0cjwlcwvtas,""2652004"",ego01h3xuardzs0cjwlcwvtas:985,""985"",""148"","""",""2"",""94"",""94"",Aerial,""1"",""3010"",""1"",""60"",RM2,3kibouup3gxwnnxp3vhz83af7,""3022"",Real Madrid II,Real Madrid II,RM2,Real Madrid II,#0066FF,""3022"",2026-09-12,Águilas,Real Madrid II,""1"",""0"",RM2,RM2,3kibouup3gxwnnxp3vhz83af7,""3022"",AGU,egzh8d35o0fdgv9p2ql5wm7ql,""18832"",""1"",""0"",""1"",""0"",""0"",""1"",""2"",""45"",2026-09-12 11:00:00,L 0-1,0-1,""0,00"",""0,0000"",""0,0"",null-224"
","""","""","""","""","""","""","""","""","""","""","""","""","""",ego01h3xuardzs0cjwlcwvtas,ego01h3xuardzs0cjwlcwvtas,""2652004"",ego01h3xuardzs0cjwlcwvtas:1039,""1039"","""","""","""",""97"",""3"",Aerial,""2"",""2853"","""",""122"",RM2,3kibouup3gxwnnxp3vhz83af7,""3022"",Real Madrid II,Real Madrid II,RM2,Real Madrid II,#0066FF,""3022"",2026-09-12,Águilas,Real Madrid II,""1"",""0"",RM2,RM2,3kibouup3gxwnnxp3vhz83af7,""3022"",AGU,egzh8d35o0fdgv9p2ql5wm7ql,""18832"",""1"",""0"",""1"",""0"",""0"",""1"",""2"",""45"",2026-09-12 11:00:00,L 0-1,0-1,""0,00"",""0,0000"",""0,0"",null-224"
"Cestero,"""","""","""","""","""","""","""","""","""","""","""",ecmpznived7xp45o7bm96csno,"""",ego01h3xuardzs0cjwlcwvtas,ego01h3xuardzs0cjwlcwvtas,""2652004"",ego01h3xuardzs0cjwlcwvtas:1079,""1079"","""","""","""","""","""",Clearance,""2"",""3074"","""","""",RM2,3kibouup3gxwnnxp3vhz83af7,""3022"",Real Madrid II,Real Madrid II,RM2,Real Madrid II,#0066FF,""3022"",2026-09-12,Águilas,Real Madrid II,""1"",""0"",RM2,RM2,3kibouup3gxwnnxp3vhz83af7,""3022"",AGU,egzh8d35o0fdgv9p2ql5wm7ql,""18832"",""1"",""0"",""1"",""0"",""0"",""1"",""2"",""45"",2026-09-12 11:00:00,L 0-1,0-1,""0,00"",""0,0000"",""0,0"",null-224"
","""","""","""","""","""","""","""","""","""","""","""","""","""",ego01h3xuardzs0cjwlcwvtas,ego01h3xuardzs0cjwlcwvtas,""2652004"",ego01h3xuardzs0cjwlcwvtas:1122,""1122"",""171"","""",""2"",""107"",""13"",BallRecovery,""2"",""3228"",""6"",""6"",RM2,3kibouup3gxwnnxp3vhz83af7,""3022"",Real Madrid II,Real Madrid II,RM2,Real Madrid II,#0066FF,""3022"",2026-09-12,Águilas,Real Madrid II,""1"",""0"",RM2,RM2,3kibouup3gxwnnxp3vhz83af7,""3022"",AGU,egzh8d35o0fdgv9p2ql5wm7ql,""18832"",""1"",""0"",""1"",""0"",""0"",""1"",""2"",""45"",2026-09-12 11:00:00,L 0-1,0-1,""0,00"",""0,0000"",""0,0"",null-224"
","""","""","""","""","""","""","""","""","""","""","""","""","""",ego01h3xuardzs0cjwlcwvtas,ego01h3xuardzs0cjwlcwvtas,""2652004"",ego01h3xuardzs0cjwlcwvtas:1177,""1177"","""","""","""","""","""",Challenge,""2"",""3384"","""","""",RM2,3kibouup3gxwnnxp3vhz83af7,""3022"",Real Madrid II,Real Madrid II,RM2,Real Madrid II,#0066FF,""3022"",2026-09-12,Águilas,Real Madrid II,""1"",""0"",RM2,RM2,3kibouup3gxwnnxp3vhz83af7,""3022"",AGU,egzh8d35o0fdgv9p2ql5wm7ql,""18832"",""1"",""0"",""1"",""0"",""0"",""1"",""2"",""45"",2026-09-12 11:00:00,L 0-1,0-1,""0,00"",""0,0000"",""0,0"",null-224"
"Joan Martínez,"""","""","""","""","""","""","""","""","""","""","""",4aihdtm9m5evl5ohlx54ccs9g,"""",ego01h3xuardzs0cjwlcwvtas,ego01h3xuardzs0cjwlcwvtas,""2652004"",ego01h3xuardzs0cjwlcwvtas:1179,""1179"","""","""","""","""","""",Tackle,""2"",""3385"","""","""",RM2,3kibouup3gxwnnxp3vhz83af7,""3022"",Real Madrid II,Real Madrid II,RM2,Real Madrid II,#0066FF,""3022"",2026-09-12,Águilas,Real Madrid II,""1"",""0"",RM2,RM2,3kibouup3gxwnnxp3vhz83af7,""3022"",AGU,egzh8d35o0fdgv9p2ql5wm7ql,""18832"",""1"",""0"",""1"",""0"",""0"",""1"",""2"",""45"",2026-09-12 11:00:00,L 0-1,0-1,""0,00"",""0,0000"",""0,0"",null-224"
"Cestero,"""","""","""","""","""","""","""","""","""","""","""",ecmpznived7xp45o7bm96csno,"""",ego01h3xuardzs0cjwlcwvtas,ego01h3xuardzs0cjwlcwvtas,""2652004"",ego01h3xuardzs0cjwlcwvtas:1185,""1185"",""180"","""",""1"",""113"",""19"",Interception,""2"",""3391"",""41"",""41"",RM2,3kibouup3gxwnnxp3vhz83af7,""3022"",Real Madrid II,Real Madrid II,RM2,Real Madrid II,#0066FF,""3022"",2026-09-12,Águilas,Real Madrid II,""1"",""0"",RM2,RM2,3kibouup3gxwnnxp3vhz83af7,""3022"",AGU,egzh8d35o0fdgv9p2ql5wm7ql,""18832"",""1"",""0"",""1"",""0"",""0"",""1"",""2"",""45"",2026-09-12 11:00:00,L 0-1,0-1,""0,00"",""0,0000"",""0,0"",null-224"
","""","""","""","""","""","""","""","""","""","""","""","""","""",ego01h3xuardzs0cjwlcwvtas,ego01h3xuardzs0cjwlcwvtas,""2652004"",ego01h3xuardzs0cjwlcwvtas:1186,""1186"",""180"","""",""2"",""113"",""19"",BallRecovery,""2"",""3393"",""41"",""41"",RM2,3kibouup3gxwnnxp3vhz83af7,""3022"",Real Madrid II,Real Madrid II,RM2,Real Madrid II,#0066FF,""3022"",2026-09-12,Águilas,Real Madrid II,""1"",""0"",RM2,RM2,3kibouup3gxwnnxp3vhz83af7,""3022"",AGU,egzh8d35o0fdgv9p2ql5wm7ql,""18832"",""1"",""0"",""1"",""0"",""0"",""1"",""2"",""45"",2026-09-12 11:00:00,L 0-1,0-1,""0,00"",""0,0000"",""0,0"",null-224"
","""","""","""","""","""","""","""","""","""","""","""","""","""",ego01h3xuardzs0cjwlcwvtas,ego01h3xuardzs0cjwlcwvtas,""2652004"",ego01h3xuardzs0cjwlcwvtas:1207,""1207"","""","""","""","""","""",Aerial,""2"",""3438"","""","""",RM2,3kibouup3gxwnnxp3vhz83af7,""3022"",Real Madrid II,Real Madrid II,RM2,Real Madrid II,#0066FF,""3022"",2026-09-12,Águilas,Real Madrid II,""1"",""0"",RM2,RM2,3kibouup3gxwnnxp3vhz83af7,""3022"",AGU,egzh8d35o0fdgv9p2ql5wm7ql,""18832"",""1"",""0"",""1"",""0"",""0"",""1"",""2"",""45"",2026-09-12 11:00:00,L 0-1,0-1,""0,00"",""0,0000"",""0,0"",null-224"
","""","""","""","""","""","""","""","""","""","""","""","""","""",ego01h3xuardzs0cjwlcwvtas,ego01h3xuardzs0cjwlcwvtas,""2652004"",ego01h3xuardzs0cjwlcwvtas:1232,""1232"",""186"","""",""2"",""117"",""23"",BallRecovery,""2"",""3520"",""3"",""3"",RM2,3kibouup3gxwnnxp3vhz83af7,""3022"",Real Madrid II,Real Madrid II,RM2,Real Madrid II,#0066FF,""3022"",2026-09-12,Águilas,Real Madrid II,""1"",""0"",RM2,RM2,3kibouup3gxwnnxp3vhz83af7,""3022"",AGU,egzh8d35o0fdgv9p2ql5wm7ql,""18832"",""1"",""0"",""1"",""0"",""0"",""1"",""2"",""45"",2026-09-12 11:00:00,L 0-1,0-1,""0,00"",""0,0000"",""0,0"",null-224"
","""","""","""","""","""","""","""","""","""","""","""","""","""",ego01h3xuardzs0cjwlcwvtas,ego01h3xuardzs0cjwlcwvtas,""2652004"",ego01h3xuardzs0cjwlcwvtas:1275,""1275"",""193"","""",""1"",""121"",""27"",Aerial,""2"",""3671"",""9"",""90"",RM2,3kibouup3gxwnnxp3vhz83af7,""3022"",Real Madrid II,Real Madrid II,RM2,Real Madrid II,#0066FF,""3022"",2026-09-12,Águilas,Real Madrid II,""1"",""0"",RM2,RM2,3kibouup3gxwnnxp3vhz83af7,""3022"",AGU,egzh8d35o0fdgv9p2ql5wm7ql,""18832"",""1"",""0"",""1"",""0"",""0"",""1"",""2"",""45"",2026-09-12 11:00:00,L 0-1,0-1,""0,00"",""0,0000"",""0,0"",null-224"
","""","""","""","""","""","""","""","""","""","""","""","""","""",ego01h3xuardzs0cjwlcwvtas,ego01h3xuardzs0cjwlcwvtas,""2652004"",ego01h3xuardzs0cjwlcwvtas:1278,""1278"",""193"","""",""3"",""121"",""27"",BallRecovery,""2"",""3672"",""9"",""90"",RM2,3kibouup3gxwnnxp3vhz83af7,""3022"",Real Madrid II,Real Madrid II,RM2,Real Madrid II,#0066FF,""3022"",2026-09-12,Águilas,Real Madrid II,""1"",""0"",RM2,RM2,3kibouup3gxwnnxp3vhz83af7,""3022"",AGU,egzh8d35o0fdgv9p2ql5wm7ql,""18832"",""1"",""0"",""1"",""0"",""0"",""1"",""2"",""45"",2026-09-12 11:00:00,L 0-1,0-1,""0,00"",""0,0000"",""0,0"",null-224"
","""","""","""","""","""","""","""","""","""","""","""","""","""",ego01h3xuardzs0cjwlcwvtas,ego01h3xuardzs0cjwlcwvtas,""2652004"",ego01h3xuardzs0cjwlcwvtas:1331,""1331"","""","""","""","""","""",Aerial,""2"",""4223"","""","""",RM2,3kibouup3gxwnnxp3vhz83af7,""3022"",Real Madrid II,Real Madrid II,RM2,Real Madrid II,#0066FF,""3022"",2026-09-12,Águilas,Real Madrid II,""1"",""0"",RM2,RM2,3kibouup3gxwnnxp3vhz83af7,""3022"",AGU,egzh8d35o0fdgv9p2ql5wm7ql,""18832"",""1"",""0"",""1"",""0"",""0"",""1"",""2"",""45"",2026-09-12 11:00:00,L 0-1,0-1,""0,00"",""0,0000"",""0,0"",null-224"
"Mario Rivas,"""","""","""","""","""","""","""","""","""","""","""",974pgl5fo69ks8qsv1oorx8us,"""",ego01h3xuardzs0cjwlcwvtas,ego01h3xuardzs0cjwlcwvtas,""2652004"",ego01h3xuardzs0cjwlcwvtas:1333,""1333"","""","""","""","""","""",Clearance,""2"",""4224"","""","""",RM2,3kibouup3gxwnnxp3vhz83af7,""3022"",Real Madrid II,Real Madrid II,RM2,Real Madrid II,#0066FF,""3022"",2026-09-12,Águilas,Real Madrid II,""1"",""0"",RM2,RM2,3kibouup3gxwnnxp3vhz83af7,""3022"",AGU,egzh8d35o0fdgv9p2ql5wm7ql,""18832"",""1"",""0"",""1"",""0"",""0"",""1"",""2"",""45"",2026-09-12 11:00:00,L 0-1,0-1,""0,00"",""0,0000"",""0,0"",null-224"
"Mario Rivas,"""","""","""","""","""","""","""","""","""","""","""",974pgl5fo69ks8qsv1oorx8us,"""",ego01h3xuardzs0cjwlcwvtas,ego01h3xuardzs0cjwlcwvtas,""2652004"",ego01h3xuardzs0cjwlcwvtas:1341,""1341"",""203"","""",""1"",""127"",""33"",Tackle,""2"",""4242"",""3"",""6"",RM2,3kibouup3gxwnnxp3vhz83af7,""3022"",Real Madrid II,Real Madrid II,RM2,Real Madrid II,#0066FF,""3022"",2026-09-12,Águilas,Real Madrid II,""1"",""0"",RM2,RM2,3kibouup3gxwnnxp3vhz83af7,""3022"",AGU,egzh8d35o0fdgv9p2ql5wm7ql,""18832"",""1"",""0"",""1"",""0"",""0"",""1"",""2"",""45"",2026-09-12 11:00:00,L 0-1,0-1,""0,00"",""0,0000"",""0,0"",null-224"
"Cestero,"""","""","""","""","""","""","""","""","""","""","""",ecmpznived7xp45o7bm96csno,"""",ego01h3xuardzs0cjwlcwvtas,ego01h3xuardzs0cjwlcwvtas,""2652004"",ego01h3xuardzs0cjwlcwvtas:1373,""1373"",""208"","""",""1"",""131"",""37"",Tackle,""2"",""4354"",""11"",""49"",RM2,3kibouup3gxwnnxp3vhz83af7,""3022"",Real Madrid II,Real Madrid II,RM2,Real Madrid II,#0066FF,""3022"",2026-09-12,Águilas,Real Madrid II,""1"",""0"",RM2,RM2,3kibouup3gxwnnxp3vhz83af7,""3022"",AGU,egzh8d35o0fdgv9p2ql5wm7ql,""18832"",""1"",""0"",""1"",""0"",""0"",""1"",""2"",""45"",2026-09-12 11:00:00,L 0-1,0-1,""0,00"",""0,0000"",""0,0"",null-224"
","""","""","""","""","""","""","""","""","""","""","""","""","""",ego01h3xuardzs0cjwlcwvtas,ego01h3xuardzs0cjwlcwvtas,""2652004"",ego01h3xuardzs0cjwlcwvtas:1375,""1375"",""208"","""",""3"",""131"",""37"",BallRecovery,""2"",""4359"",""11"",""49"",RM2,3kibouup3gxwnnxp3vhz83af7,""3022"",Real Madrid II,Real Madrid II,RM2,Real Madrid II,#0066FF,""3022"",2026-09-12,Águilas,Real Madrid II,""1"",""0"",RM2,RM2,3kibouup3gxwnnxp3vhz83af7,""3022"",AGU,egzh8d35o0fdgv9p2ql5wm7ql,""18832"",""1"",""0"",""1"",""0"",""0"",""1"",""2"",""45"",2026-09-12 11:00:00,L 0-1,0-1,""0,00"",""0,0000"",""0,0"",null-224"
"Mario Rivas,"""","""","""","""","""","""","""","""","""","""","""",974pgl5fo69ks8qsv1oorx8us,"""",ego01h3xuardzs0cjwlcwvtas,ego01h3xuardzs0cjwlcwvtas,""2652004"",ego01h3xuardzs0cjwlcwvtas:1412,""1412"","""","""","""","""","""",Clearance,""2"",""4487"","""","""",RM2,3kibouup3gxwnnxp3vhz83af7,""3022"",Real Madrid II,Real Madrid II,RM2,Real Madrid II,#0066FF,""3022"",2026-09-12,Águilas,Real Madrid II,""1"",""0"",RM2,RM2,3kibouup3gxwnnxp3vhz83af7,""3022"",AGU,egzh8d35o0fdgv9p2ql5wm7ql,""18832"",""1"",""0"",""1"",""0"",""0"",""1"",""2"",""45"",2026-09-12 11:00:00,L 0-1,0-1,""0,00"",""0,0000"",""0,0"",null-224"
"Mario Rivas,"""","""","""","""","""","""","""","""","""","""","""",974pgl5fo69ks8qsv1oorx8us,"""",ego01h3xuardzs0cjwlcwvtas,ego01h3xuardzs0cjwlcwvtas,""2652004"",ego01h3xuardzs0cjwlcwvtas:1420,""1420"","""","""","""","""","""",Save,""2"",""4573"","""","""",RM2,3kibouup3gxwnnxp3vhz83af7,""3022"",Real Madrid II,Real Madrid II,RM2,Real Madrid II,#0066FF,""3022"",2026-09-12,Águilas,Real Madrid II,""1"",""0"",RM2,RM2,3kibouup3gxwnnxp3vhz83af7,""3022"",AGU,egzh8d35o0fdgv9p2ql5wm7ql,""18832"",""1"",""0"",""1"",""0"",""0"",""1"",""2"",""45"",2026-09-12 11:00:00,L 0-1,0-1,""0,00"",""0,0000"",""0,0"",null-224"
"Joan Martínez,"""","""","""","""","""","""","""","""","""","""","""",4aihdtm9m5evl5ohlx54ccs9g,"""",ego01h3xuardzs0cjwlcwvtas,ego01h3xuardzs0cjwlcwvtas,""2652004"",ego01h3xuardzs0cjwlcwvtas:1423,""1423"","""","""","""","""","""",Save,""2"",""4576"","""","""",RM2,3kibouup3gxwnnxp3vhz83af7,""3022"",Real Madrid II,Real Madrid II,RM2,Real Madrid II,#0066FF,""3022"",2026-09-12,Águilas,Real Madrid II,""1"",""0"",RM2,RM2,3kibouup3gxwnnxp3vhz83af7,""3022"",AGU,egzh8d35o0fdgv9p2ql5wm7ql,""18832"",""1"",""0"",""1"",""0"",""0"",""1"",""2"",""45"",2026-09-12 11:00:00,L 0-1,0-1,""0,00"",""0,0000"",""0,0"",null-224"
"Joan Martínez,"""","""","""","""","""","""","""","""","""","""","""",4aihdtm9m5evl5ohlx54ccs9g,"""",ego01h3xuardzs0cjwlcwvtas,ego01h3xuardzs0cjwlcwvtas,""2652004"",ego01h3xuardzs0cjwlcwvtas:1428,""1428"","""","""","""","""","""",Clearance,""2"",""4625"","""","""",RM2,3kibouup3gxwnnxp3vhz83af7,""3022"",Real Madrid II,Real Madrid II,RM2,Real Madrid II,#0066FF,""3022"",2026-09-12,Águilas,Real Madrid II,""1"",""0"",RM2,RM2,3kibouup3gxwnnxp3vhz83af7,""3022"",AGU,egzh8d35o0fdgv9p2ql5wm7ql,""18832"",""1"",""0"",""1"",""0"",""0"",""1"",""2"",""45"",2026-09-12 11:00:00,L 0-1,0-1,""0,00"",""0,0000"",""0,0"",null-224"
","""","""","""","""","""","""","""","""","""","""","""","""","""",ego01h3xuardzs0cjwlcwvtas,ego01h3xuardzs0cjwlcwvtas,""2652004"",ego01h3xuardzs0cjwlcwvtas:1431,""1431"","""","""","""","""","""",Challenge,""2"",""4631"","""","""",RM2,3kibouup3gxwnnxp3vhz83af7,""3022"",Real Madrid II,Real Madrid II,RM2,Real Madrid II,#0066FF,""3022"",2026-09-12,Águilas,Real Madrid II,""1"",""0"",RM2,RM2,3kibouup3gxwnnxp3vhz83af7,""3022"",AGU,egzh8d35o0fdgv9p2ql5wm7ql,""18832"",""1"",""0"",""1"",""0"",""0"",""1"",""2"",""45"",2026-09-12 11:00:00,L 0-1,0-1,""0,00"",""0,0000"",""0,0"",null-224"
","""","""","""","""","""","""","""","""","""","""","""","""","""",ego01h3xuardzs0cjwlcwvtas,ego01h3xuardzs0cjwlcwvtas,""2652004"",ego01h3xuardzs0cjwlcwvtas:1460,""1460"","""","""","""","""","""",Aerial,""2"",""4865"","""","""",RM2,3kibouup3gxwnnxp3vhz83af7,""3022"",Real Madrid II,Real Madrid II,RM2,Real Madrid II,#0066FF,""3022"",2026-09-12,Águilas,Real Madrid II,""1"",""0"",RM2,RM2,3kibouup3gxwnnxp3vhz83af7,""3022"",AGU,egzh8d35o0fdgv9p2ql5wm7ql,""18832"",""1"",""0"",""1"",""0"",""0"",""1"",""2"",""45"",2026-09-12 11:00:00,L 0-1,0-1,""0,00"",""0,0000"",""0,0"",null-224"
","""","""","""","""","""","""","""","""","""","""","""","""","""",ego01h3xuardzs0cjwlcwvtas,ego01h3xuardzs0cjwlcwvtas,""2652004"",ego01h3xuardzs0cjwlcwvtas:1481,""1481"",""223"","""",""2"",""139"",""45"",BallRecovery,""2"",""4892"",""26"",""36"",RM2,3kibouup3gxwnnxp3vhz83af7,""3022"",Real Madrid II,Real Madrid II,RM2,Real Madrid II,#0066FF,""3022"",2026-09-12,Águilas,Real Madrid II,""1"",""0"",RM2,RM2,3kibouup3gxwnnxp3vhz83af7,""3022"",AGU,egzh8d35o0fdgv9p2ql5wm7ql,""18832"",""1"",""0"",""1"",""0"",""0"",""1"",""2"",""45"",2026-09-12 11:00:00,L 0-1,0-1,""0,00"",""0,0000"",""0,0"",null-224"
","""","""","""","""","""","""","""","""","""","""","""","""","""",ego01h3xuardzs0cjwlcwvtas,ego01h3xuardzs0cjwlcwvtas,""2652004"",ego01h3xuardzs0cjwlcwvtas:1508,""1508"",""227"","""",""1"",""141"",""47"",BallRecovery,""2"",""4939"",""14"",""22"",RM2,3kibouup3gxwnnxp3vhz83af7,""3022"",Real Madrid II,Real Madrid II,RM2,Real Madrid II,#0066FF,""3022"",2026-09-12,Águilas,Real Madrid II,""1"",""0"",RM2,RM2,3kibouup3gxwnnxp3vhz83af7,""3022"",AGU,egzh8d35o0fdgv9p2ql5wm7ql,""18832"",""1"",""0"",""1"",""0"",""0"",""1"",""2"",""45"",2026-09-12 11:00:00,L 0-1,0-1,""0,00"",""0,0000"",""0,0"",null-224"
","""","""","""","""","""","""","""","""","""","""","""","""","""",ego01h3xuardzs0cjwlcwvtas,ego01h3xuardzs0cjwlcwvtas,""2652004"",ego01h3xuardzs0cjwlcwvtas:1514,""1514"","""","""","""",""141"",""47"",Aerial,""2"",""4955"","""",""22"",RM2,3kibouup3gxwnnxp3vhz83af7,""3022"",Real Madrid II,Real Madrid II,RM2,Real Madrid II,#0066FF,""3022"",2026-09-12,Águilas,Real Madrid II,""1"",""0"",RM2,RM2,3kibouup3gxwnnxp3vhz83af7,""3022"",AGU,egzh8d35o0fdgv9p2ql5wm7ql,""18832"",""1"",""0"",""1"",""0"",""0"",""1"",""2"",""45"",2026-09-12 11:00:00,L 0-1,0-1,""0,00"",""0,0000"",""0,0"",null-224"
","""","""","""","""","""","""","""","""","""","""","""","""","""",ego01h3xuardzs0cjwlcwvtas,ego01h3xuardzs0cjwlcwvtas,""2652004"",ego01h3xuardzs0cjwlcwvtas:1527,""1527"","""","""","""","""","""",OffsideProvoked,""2"",""4993"","""","""",RM2,3kibouup3gxwnnxp3vhz83af7,""3022"",Real Madrid II,Real Madrid II,RM2,Real Madrid II,#0066FF,""3022"",2026-09-12,Águilas,Real Madrid II,""1"",""0"",RM2,RM2,3kibouup3gxwnnxp3vhz83af7,""3022"",AGU,egzh8d35o0fdgv9p2ql5wm7ql,""18832"",""1"",""0"",""1"",""0"",""0"",""1"",""2"",""45"",2026-09-12 11:00:00,L 0-1,0-1,""0,00"",""0,0000"",""0,0"",null-224"
","""","""","""","""","""","""","""","""","""","""","""","""","""",ego01h3xuardzs0cjwlcwvtas,ego01h3xuardzs0cjwlcwvtas,""2652004"",ego01h3xuardzs0cjwlcwvtas:1544,""1544"","""","""","""","""","""",Aerial,""2"",""5057"","""","""",RM2,3kibouup3gxwnnxp3vhz83af7,""3022"",Real Madrid II,Real Madrid II,RM2,Real Madrid II,#0066FF,""3022"",2026-09-12,Águilas,Real Madrid II,""1"",""0"",RM2,RM2,3kibouup3gxwnnxp3vhz83af7,""3022"",AGU,egzh8d35o0fdgv9p2ql5wm7ql,""18832"",""1"",""0"",""1"",""0"",""0"",""1"",""2"",""45"",2026-09-12 11:00:00,L 0-1,0-1,""0,00"",""0,0000"",""0,0"",null-224"
"Joan Martínez,"""","""","""","""","""","""","""","""","""","""","""",4aihdtm9m5evl5ohlx54ccs9g,"""",ego01h3xuardzs0cjwlcwvtas,ego01h3xuardzs0cjwlcwvtas,""2652004"",ego01h3xuardzs0cjwlcwvtas:1554,""1554"","""","""","""","""","""",Tackle,""2"",""5075"","""","""",RM2,3kibouup3gxwnnxp3vhz83af7,""3022"",Real Madrid II,Real Madrid II,RM2,Real Madrid II,#0066FF,""3022"",2026-09-12,Águilas,Real Madrid II,""1"",""0"",RM2,RM2,3kibouup3gxwnnxp3vhz83af7,""3022"",AGU,egzh8d35o0fdgv9p2ql5wm7ql,""18832"",""1"",""0"",""1"",""0"",""0"",""1"",""2"",""45"",2026-09-12 11:00:00,L 0-1,0-1,""0,00"",""0,0000"",""0,0"",null-224"
"Joan Martínez,"""","""","""","""","""","""","""","""","""","""","""",4aihdtm9m5evl5ohlx54ccs9g,"""",ego01h3xuardzs0cjwlcwvtas,ego01h3xuardzs0cjwlcwvtas,""2652004"",ego01h3xuardzs0cjwlcwvtas:1591,""1591"","""","""","""","""","""",Clearance,""2"",""5240"","""","""",RM2,3kibouup3gxwnnxp3vhz83af7,""3022"",Real Madrid II,Real Madrid II,RM2,Real Madrid II,#0066FF,""3022"",2026-09-12,Águilas,Real Madrid II,""1"",""0"",RM2,RM2,3kibouup3gxwnnxp3vhz83af7,""3022"",AGU,egzh8d35o0fdgv9p2ql5wm7ql,""18832"",""1"",""0"",""1"",""0"",""0"",""1"",""2"",""45"",2026-09-12 11:00:00,L 0-1,0-1,""0,00"",""0,0000"",""0,0"",null-224"
"Alexis Ciria,"""","""","""","""","""","""","""","""","""","""","""",df49d7ztingifxkbjs2l1hnh0,"""",ego01h3xuardzs0cjwlcwvtas,ego01h3xuardzs0cjwlcwvtas,""2652004"",ego01h3xuardzs0cjwlcwvtas:1596,""1596"","""","""","""","""","""",BlockedPass,""2"",""5262"","""","""",RM2,3kibouup3gxwnnxp3vhz83af7,""3022"",Real Madrid II,Real Madrid II,RM2,Real Madrid II,#0066FF,""3022"",2026-09-12,Águilas,Real Madrid II,""1"",""0"",RM2,RM2,3kibouup3gxwnnxp3vhz83af7,""3022"",AGU,egzh8d35o0fdgv9p2ql5wm7ql,""18832"",""1"",""0"",""1"",""0"",""0"",""1"",""2"",""45"",2026-09-12 11:00:00,L 0-1,0-1,""0,00"",""0,0000"",""0,0"",null-224"
","""","""","""","""","""","""","""","""","""","""","""","""","""",ego01h3xuardzs0cjwlcwvtas,ego01h3xuardzs0cjwlcwvtas,""2652004"",ego01h3xuardzs0cjwlcwvtas:1607,""1607"","""","""","""","""","""",Aerial,""2"",""5291"","""","""",RM2,3kibouup3gxwnnxp3vhz83af7,""3022"",Real Madrid II,Real Madrid II,RM2,Real Madrid II,#0066FF,""3022"",2026-09-12,Águilas,Real Madrid II,""1"",""0"",RM2,RM2,3kibouup3gxwnnxp3vhz83af7,""3022"",AGU,egzh8d35o0fdgv9p2ql5wm7ql,""18832"",""1"",""0"",""1"",""0"",""0"",""1"",""2"",""45"",2026-09-12 11:00:00,L 0-1,0-1,""0,00"",""0,0000"",""0,0"",null-224"
"Roberto Martín,"""","""","""","""","""","""","""","""","""","""","""",9b2viksiavag66sxdw7n45qms,"""",ego01h3xuardzs0cjwlcwvtas,ego01h3xuardzs0cjwlcwvtas,""2652004"",ego01h3xuardzs0cjwlcwvtas:1615,""1615"","""","""","""","""","""",Clearance,""2"",""5305"","""","""",RM2,3kibouup3gxwnnxp3vhz83af7,""3022"",Real Madrid II,Real Madrid II,RM2,Real Madrid II,#0066FF,""3022"",2026-09-12,Águilas,Real Madrid II,""1"",""0"",RM2,RM2,3kibouup3gxwnnxp3vhz83af7,""3022"",AGU,egzh8d35o0fdgv9p2ql5wm7ql,""18832"",""1"",""0"",""1"",""0"",""0"",""1"",""2"",""45"",2026-09-12 11:00:00,L 0-1,0-1,""0,00"",""0,0000"",""0,0"",null-224"
"Diego Aguado,"""","""","""","""","""","""","""","""","""","""","""",4luj0v1ttpt61sniftg4bxrtg,"""",ego01h3xuardzs0cjwlcwvtas,ego01h3xuardzs0cjwlcwvtas,""2652004"",ego01h3xuardzs0cjwlcwvtas:1620,""1620"","""","""","""","""","""",Clearance,""2"",""5323"","""","""",RM2,3kibouup3gxwnnxp3vhz83af7,""3022"",Real Madrid II,Real Madrid II,RM2,Real Madrid II,#0066FF,""3022"",2026-09-12,Águilas,Real Madrid II,""1"",""0"",RM2,RM2,3kibouup3gxwnnxp3vhz83af7,""3022"",AGU,egzh8d35o0fdgv9p2ql5wm7ql,""18832"",""1"",""0"",""1"",""0"",""0"",""1"",""2"",""45"",2026-09-12 11:00:00,L 0-1,0-1,""0,00"",""0,0000"",""0,0"",null-224"
"O. Naasei,"""","""","""","""","""","""","""","""","""","""","""",9z86sxoh0lek4g80lvvhxivpw,"""",ego01h3xuardzs0cjwlcwvtas,ego01h3xuardzs0cjwlcwvtas,""2652004"",ego01h3xuardzs0cjwlcwvtas:1699,""1699"","""","""","""","""","""",Clearance,""2"",""5501"","""","""",RM2,3kibouup3gxwnnxp3vhz83af7,""3022"",Real Madrid II,Real Madrid II,RM2,Real Madrid II,#0066FF,""3022"",2026-09-12,Águilas,Real Madrid II,""1"",""0"",RM2,RM2,3kibouup3gxwnnxp3vhz83af7,""3022"",AGU,egzh8d35o0fdgv9p2ql5wm7ql,""18832"",""1"",""0"",""1"",""0"",""0"",""1"",""2"",""45"",2026-09-12 11:00:00,L 0-1,0-1,""0,00"",""0,0000"",""0,0"",null-224"
","""","""","""","""","""","""","""","""","""","""","""","""","""",ego01h3xuardzs0cjwlcwvtas,ego01h3xuardzs0cjwlcwvtas,""2652004"",ego01h3xuardzs0cjwlcwvtas:1710,""1710"","""","""","""","""","""",OffsideProvoked,""2"",""5521"","""","""",RM2,3kibouup3gxwnnxp3vhz83af7,""3022"",Real Madrid II,Real Madrid II,RM2,Real Madrid II,#0066FF,""3022"",2026-09-12,Águilas,Real Madrid II,""1"",""0"",RM2,RM2,3kibouup3gxwnnxp3vhz83af7,""3022"",AGU,egzh8d35o0fdgv9p2ql5wm7ql,""18832"",""1"",""0"",""1"",""0"",""0"",""1"",""2"",""45"",2026-09-12 11:00:00,L 0-1,0-1,""0,00"",""0,0000"",""0,0"",null-224"
","""","""","""","""","""","""","""","""","""","""","""","""","""",ego01h3xuardzs0cjwlcwvtas,ego01h3xuardzs0cjwlcwvtas,""2652004"",ego01h3xuardzs0cjwlcwvtas:1734,""1734"",""261"","""",""1"",""161"",""67"",Aerial,""2"",""5581"",""20"",""36"",RM2,3kibouup3gxwnnxp3vhz83af7,""3022"",Real Madrid II,Real Madrid II,RM2,Real Madrid II,#0066FF,""3022"",2026-09-12,Águilas,Real Madrid II,""1"",""0"",RM2,RM2,3kibouup3gxwnnxp3vhz83af7,""3022"",AGU,egzh8d35o0fdgv9p2ql5wm7ql,""18832"",""1"",""0"",""1"",""0"",""0"",""1"",""2"",""45"",2026-09-12 11:00:00,L 0-1,0-1,""0,00"",""0,0000"",""0,0"",null-224"
","""","""","""","""","""","""","""","""","""","""","""","""","""",ego01h3xuardzs0cjwlcwvtas,ego01h3xuardzs0cjwlcwvtas,""2652004"",ego01h3xuardzs0cjwlcwvtas:1737,""1737"",""261"","""",""3"",""161"",""67"",BallRecovery,""2"",""5583"",""20"",""36"",RM2,3kibouup3gxwnnxp3vhz83af7,""3022"",Real Madrid II,Real Madrid II,RM2,Real Madrid II,#0066FF,""3022"",2026-09-12,Águilas,Real Madrid II,""1"",""0"",RM2,RM2,3kibouup3gxwnnxp3vhz83af7,""3022"",AGU,egzh8d35o0fdgv9p2ql5wm7ql,""18832"",""1"",""0"",""1"",""0"",""0"",""1"",""2"",""45"",2026-09-12 11:00:00,L 0-1,0-1,""0,00"",""0,0000"",""0,0"",null-224"
","""","""","""","""","""","""","""","""","""","""","""","""","""",ego01h3xuardzs0cjwlcwvtas,ego01h3xuardzs0cjwlcwvtas,""2652004"",ego01h3xuardzs0cjwlcwvtas:1768,""1768"",""267"","""",""1"",""165"",""71"",BallRecovery,""2"",""5694"",""35"",""35"",RM2,3kibouup3gxwnnxp3vhz83af7,""3022"",Real Madrid II,Real Madrid II,RM2,Real Madrid II,#0066FF,""3022"",2026-09-12,Águilas,Real Madrid II,""1"",""0"",RM2,RM2,3kibouup3gxwnnxp3vhz83af7,""3022"",AGU,egzh8d35o0fdgv9p2ql5wm7ql,""18832"",""1"",""0"",""1"",""0"",""0"",""1"",""2"",""45"",2026-09-12 11:00:00,L 0-1,0-1,""0,00"",""0,0000"",""0,0"",null-224"
","""","""","""","""","""","""","""","""","""","""","""","""","""",efid59wgpvy2fcjmockkh1fkk,efid59wgpvy2fcjmockkh1fkk,""2652000"",efid59wgpvy2fcjmockkh1fkk:45,""45"",""8"","""",""1"",""4"",""4"",BallRecovery,""1"",""109"",""4"",""42"",RM2,3kibouup3gxwnnxp3vhz83af7,""3022"",Real Madrid II,Real Madrid II,RM2,Real Madrid II,#0066FF,""3022"",2026-09-05,Real Madrid II,Juventud Torremolinos,""0"",""0"",RM2,RM2,3kibouup3gxwnnxp3vhz83af7,""3022"",JVT,1ns4wmqvdyif7lfkwmfv6i4np,""19965"",""0"",""0"",""2"",""0"",""2"",""0"",""2"",""45"",2026-09-05 10:00:00,W 2-0,0-0,""0,00"",""0,0000"",""0,0"",null-224"
","""","""","""","""","""","""","""","""","""","""","""","""","""",efid59wgpvy2fcjmockkh1fkk,efid59wgpvy2fcjmockkh1fkk,""2652000"",efid59wgpvy2fcjmockkh1fkk:103,""103"",""16"","""",""2"",""8"",""8"",BallRecovery,""1"",""263"",""3"",""3"",RM2,3kibouup3gxwnnxp3vhz83af7,""3022"",Real Madrid II,Real Madrid II,RM2,Real Madrid II,#0066FF,""3022"",2026-09-05,Real Madrid II,Juventud Torremolinos,""0"",""0"",RM2,RM2,3kibouup3gxwnnxp3vhz83af7,""3022"",JVT,1ns4wmqvdyif7lfkwmfv6i4np,""19965"",""0"",""0"",""2"",""0"",""2"",""0"",""2"",""45"",2026-09-05 10:00:00,W 2-0,0-0,""0,00"",""0,0000"",""0,0"",null-224"
"Roberto Martín,"""","""","""","""","""","""","""","""","""","""","""",9b2viksiavag66sxdw7n45qms,"""",efid59wgpvy2fcjmockkh1fkk,efid59wgpvy2fcjmockkh1fkk,""2652000"",efid59wgpvy2fcjmockkh1fkk:111,""111"","""","""","""","""","""",Interception,""1"",""268"","""","""",RM2,3kibouup3gxwnnxp3vhz83af7,""3022"",Real Madrid II,Real Madrid II,RM2,Real Madrid II,#0066FF,""3022"",2026-09-05,Real Madrid II,Juventud Torremolinos,""0"",""0"",RM2,RM2,3kibouup3gxwnnxp3vhz83af7,""3022"",JVT,1ns4wmqvdyif7lfkwmfv6i4np,""19965"",""0"",""0"",""2"",""0"",""2"",""0"",""2"",""45"",2026-09-05 10:00:00,W 2-0,0-0,""0,00"",""0,0000"",""0,0"",null-224"
"Mario Rivas,"""","""","""","""","""","""","""","""","""","""","""",974pgl5fo69ks8qsv1oorx8us,"""",efid59wgpvy2fcjmockkh1fkk,efid59wgpvy2fcjmockkh1fkk,""2652000"",efid59wgpvy2fcjmockkh1fkk:119,""119"","""","""","""","""","""",Clearance,""1"",""287"","""","""",RM2,3kibouup3gxwnnxp3vhz83af7,""3022"",Real Madrid II,Real Madrid II,RM2,Real Madrid II,#0066FF,""3022"",2026-09-05,Real Madrid II,Juventud Torremolinos,""0"",""0"",RM2,RM2,3kibouup3gxwnnxp3vhz83af7,""3022"",JVT,1ns4wmqvdyif7lfkwmfv6i4np,""19965"",""0"",""0"",""2"",""0"",""2"",""0"",""2"",""45"",2026-09-05 10:00:00,W 2-0,0-0,""0,00"",""0,0000"",""0,0"",null-224"
"Joan Martínez,"""","""","""","""","""","""","""","""","""","""","""",4aihdtm9m5evl5ohlx54ccs9g,"""",efid59wgpvy2fcjmockkh1fkk,efid59wgpvy2fcjmockkh1fkk,""2652000"",efid59wgpvy2fcjmockkh1fkk:182,""182"","""","""","""","""","""",Interception,""1"",""444"","""","""",RM2,3kibouup3gxwnnxp3vhz83af7,""3022"",Real Madrid II,Real Madrid II,RM2,Real Madrid II,#0066FF,""3022"",2026-09-05,Real Madrid II,Juventud Torremolinos,""0"",""0"",RM2,RM2,3kibouup3gxwnnxp3vhz83af7,""3022"",JVT,1ns4wmqvdyif7lfkwmfv6i4np,""19965"",""0"",""0"",""2"",""0"",""2"",""0"",""2"",""45"",2026-09-05 10:00:00,W 2-0,0-0,""0,00"",""0,0000"",""0,0"",null-224"
"Joan Martínez,"""","""","""","""","""","""","""","""","""","""","""",4aihdtm9m5evl5ohlx54ccs9g,"""",efid59wgpvy2fcjmockkh1fkk,efid59wgpvy2fcjmockkh1fkk,""2652000"",efid59wgpvy2fcjmockkh1fkk:194,""194"","""","""","""","""","""",Interception,""1"",""477"","""","""",RM2,3kibouup3gxwnnxp3vhz83af7,""3022"",Real Madrid II,Real Madrid II,RM2,Real Madrid II,#0066FF,""3022"",2026-09-05,Real Madrid II,Juventud Torremolinos,""0"",""0"",RM2,RM2,3kibouup3gxwnnxp3vhz83af7,""3022"",JVT,1ns4wmqvdyif7lfkwmfv6i4np,""19965"",""0"",""0"",""2"",""0"",""2"",""0"",""2"",""45"",2026-09-05 10:00:00,W 2-0,0-0,""0,00"",""0,0000"",""0,0"",null-224"
","""","""","""","""","""","""","""","""","""","""","""","""","""",efid59wgpvy2fcjmockkh1fkk,efid59wgpvy2fcjmockkh1fkk,""2652000"",efid59wgpvy2fcjmockkh1fkk:202,""202"",""27"","""",""1"",""14"",""14"",BallRecovery,""1"",""497"",""26"",""32"",RM2,3kibouup3gxwnnxp3vhz83af7,""3022"",Real Madrid II,Real Madrid II,RM2,Real Madrid II,#0066FF,""3022"",2026-09-05,Real Madrid II,Juventud Torremolinos,""0"",""0"",RM2,RM2,3kibouup3gxwnnxp3vhz83af7,""3022"",JVT,1ns4wmqvdyif7lfkwmfv6i4np,""19965"",""0"",""0"",""2"",""0"",""2"",""0"",""2"",""45"",2026-09-05 10:00:00,W 2-0,0-0,""0,00"",""0,0000"",""0,0"",null-224"
","""","""","""","""","""","""","""","""","""","""","""","""","""",efid59wgpvy2fcjmockkh1fkk,efid59wgpvy2fcjmockkh1fkk,""2652000"",efid59wgpvy2fcjmockkh1fkk:229,""229"",""31"","""",""1"",""16"",""16"",BallRecovery,""1"",""562"",""2"",""193"",RM2,3kibouup3gxwnnxp3vhz83af7,""3022"",Real Madrid II,Real Madrid II,RM2,Real Madrid II,#0066FF,""3022"",2026-09-05,Real Madrid II,Juventud Torremolinos,""0"",""0"",RM2,RM2,3kibouup3gxwnnxp3vhz83af7,""3022"",JVT,1ns4wmqvdyif7lfkwmfv6i4np,""19965"",""0"",""0"",""2"",""0"",""2"",""0"",""2"",""45"",2026-09-05 10:00:00,W 2-0,0-0,""0,00"",""0,0000"",""0,0"",null-224"
","""","""","""","""","""","""","""","""","""","""","""","""","""",efid59wgpvy2fcjmockkh1fkk,efid59wgpvy2fcjmockkh1fkk,""2652000"",efid59wgpvy2fcjmockkh1fkk:261,""261"","""","""","""","""","""",Aerial,""1"",""766"","""","""",RM2,3kibouup3gxwnnxp3vhz83af7,""3022"",Real Madrid II,Real Madrid II,RM2,Real Madrid II,#0066FF,""3022"",2026-09-05,Real Madrid II,Juventud Torremolinos,""0"",""0"",RM2,RM2,3kibouup3gxwnnxp3vhz83af7,""3022"",JVT,1ns4wmqvdyif7lfkwmfv6i4np,""19965"",""0"",""0"",""2"",""0"",""2"",""0"",""2"",""45"",2026-09-05 10:00:00,W 2-0,0-0,""0,00"",""0,0000"",""0,0"",null-224"
"Joan Martínez,"""","""","""","""","""","""","""","""","""","""","""",4aihdtm9m5evl5ohlx54ccs9g,"""",efid59wgpvy2fcjmockkh1fkk,efid59wgpvy2fcjmockkh1fkk,""2652000"",efid59wgpvy2fcjmockkh1fkk:263,""263"","""","""","""","""","""",Clearance,""1"",""768"","""","""",RM2,3kibouup3gxwnnxp3vhz83af7,""3022"",Real Madrid II,Real Madrid II,RM2,Real Madrid II,#0066FF,""3022"",2026-09-05,Real Madrid II,Juventud Torremolinos,""0"",""0"",RM2,RM2,3kibouup3gxwnnxp3vhz83af7,""3022"",JVT,1ns4wmqvdyif7lfkwmfv6i4np,""19965"",""0"",""0"",""2"",""0"",""2"",""0"",""2"",""45"",2026-09-05 10:00:00,W 2-0,0-0,""0,00"",""0,0000"",""0,0"",null-224"
"Álvaro Lezcano,"""","""","""","""","""","""","""","""","""","""","""",4l0vkva7e7yjdpqi7zh1qfeok,"""",efid59wgpvy2fcjmockkh1fkk,efid59wgpvy2fcjmockkh1fkk,""2652000"",efid59wgpvy2fcjmockkh1fkk:299,""299"","""","""","""","""","""",Tackle,""1"",""854"","""","""",RM2,3kibouup3gxwnnxp3vhz83af7,""3022"",Real Madrid II,Real Madrid II,RM2,Real Madrid II,#0066FF,""3022"",2026-09-05,Real Madrid II,Juventud Torremolinos,""0"",""0"",RM2,RM2,3kibouup3gxwnnxp3vhz83af7,""3022"",JVT,1ns4wmqvdyif7lfkwmfv6i4np,""19965"",""0"",""0"",""2"",""0"",""2"",""0"",""2"",""45"",2026-09-05 10:00:00,W 2-0,0-0,""0,00"",""0,0000"",""0,0"",null-224"
","""","""","""","""","""","""","""","""","""","""","""","""","""",efid59wgpvy2fcjmockkh1fkk,efid59wgpvy2fcjmockkh1fkk,""2652000"",efid59wgpvy2fcjmockkh1fkk:305,""305"","""","""","""","""","""",Aerial,""1"",""878"","""","""",RM2,3kibouup3gxwnnxp3vhz83af7,""3022"",Real Madrid II,Real Madrid II,RM2,Real Madrid II,#0066FF,""3022"",2026-09-05,Real Madrid II,Juventud Torremolinos,""0"",""0"",RM2,RM2,3kibouup3gxwnnxp3vhz83af7,""3022"",JVT,1ns4wmqvdyif7lfkwmfv6i4np,""19965"",""0"",""0"",""2"",""0"",""2"",""0"",""2"",""45"",2026-09-05 10:00:00,W 2-0,0-0,""0,00"",""0,0000"",""0,0"",null-224"
","""","""","""","""","""","""","""","""","""","""","""","""","""",efid59wgpvy2fcjmockkh1fkk,efid59wgpvy2fcjmockkh1fkk,""2652000"",efid59wgpvy2fcjmockkh1fkk:307,""307"","""","""","""","""","""",Aerial,""1"",""880"","""","""",RM2,3kibouup3gxwnnxp3vhz83af7,""3022"",Real Madrid II,Real Madrid II,RM2,Real Madrid II,#0066FF,""3022"",2026-09-05,Real Madrid II,Juventud Torremolinos,""0"",""0"",RM2,RM2,3kibouup3gxwnnxp3vhz83af7,""3022"",JVT,1ns4wmqvdyif7lfkwmfv6i4np,""19965"",""0"",""0"",""2"",""0"",""2"",""0"",""2"",""45"",2026-09-05 10:00:00,W 2-0,0-0,""0,00"",""0,0000"",""0,0"",null-224"
","""","""","""","""","""","""","""","""","""","""","""","""","""",efid59wgpvy2fcjmockkh1fkk,efid59wgpvy2fcjmockkh1fkk,""2652000"",efid59wgpvy2fcjmockkh1fkk:313,""313"",""40"","""",""1"",""20"",""20"",BallRecovery,""1"",""886"",""1"",""1"",RM2,3kibouup3gxwnnxp3vhz83af7,""3022"",Real Madrid II,Real Madrid II,RM2,Real Madrid II,#0066FF,""3022"",2026-09-05,Real Madrid II,Juventud Torremolinos,""0"",""0"",RM2,RM2,3kibouup3gxwnnxp3vhz83af7,""3022"",JVT,1ns4wmqvdyif7lfkwmfv6i4np,""19965"",""0"",""0"",""2"",""0"",""2"",""0"",""2"",""45"",2026-09-05 10:00:00,W 2-0,0-0,""0,00"",""0,0000"",""0,0"",null-224"
","""","""","""","""","""","""","""","""","""","""","""","""","""",efid59wgpvy2fcjmockkh1fkk,efid59wgpvy2fcjmockkh1fkk,""2652000"",efid59wgpvy2fcjmockkh1fkk:323,""323"",""42"","""",""2"",""22"",""22"",BallRecovery,""1"",""911"",""29"",""87"",RM2,3kibouup3gxwnnxp3vhz83af7,""3022"",Real Madrid II,Real Madrid II,RM2,Real Madrid II,#0066FF,""3022"",2026-09-05,Real Madrid II,Juventud Torremolinos,""0"",""0"",RM2,RM2,3kibouup3gxwnnxp3vhz83af7,""3022"",JVT,1ns4wmqvdyif7lfkwmfv6i4np,""19965"",""0"",""0"",""2"",""0"",""2"",""0"",""2"",""45"",2026-09-05 10:00:00,W 2-0,0-0,""0,00"",""0,0000"",""0,0"",null-224"
"Álvaro Lezcano,"""","""","""","""","""","""","""","""","""","""","""",4l0vkva7e7yjdpqi7zh1qfeok,"""",efid59wgpvy2fcjmockkh1fkk,efid59wgpvy2fcjmockkh1fkk,""2652000"",efid59wgpvy2fcjmockkh1fkk:366,""366"",""46"","""",""1"",""24"",""24"",Interception,""1"",""1026"",""2"",""2"",RM2,3kibouup3gxwnnxp3vhz83af7,""3022"",Real Madrid II,Real Madrid II,RM2,Real Madrid II,#0066FF,""3022"",2026-09-05,Real Madrid II,Juventud Torremolinos,""0"",""0"",RM2,RM2,3kibouup3gxwnnxp3vhz83af7,""3022"",JVT,1ns4wmqvdyif7lfkwmfv6i4np,""19965"",""0"",""0"",""2"",""0"",""2"",""0"",""2"",""45"",2026-09-05 10:00:00,W 2-0,0-0,""0,00"",""0,0000"",""0,0"",null-224"
","""","""","""","""","""","""","""","""","""","""","""","""","""",efid59wgpvy2fcjmockkh1fkk,efid59wgpvy2fcjmockkh1fkk,""2652000"",efid59wgpvy2fcjmockkh1fkk:367,""367"",""46"","""",""2"",""24"",""24"",BallRecovery,""1"",""1028"",""2"",""2"",RM2,3kibouup3gxwnnxp3vhz83af7,""3022"",Real Madrid II,Real Madrid II,RM2,Real Madrid II,#0066FF,""3022"",2026-09-05,Real Madrid II,Juventud Torremolinos,""0"",""0"",RM2,RM2,3kibouup3gxwnnxp3vhz83af7,""3022"",JVT,1ns4wmqvdyif7lfkwmfv6i4np,""19965"",""0"",""0"",""2"",""0"",""2"",""0"",""2"",""45"",2026-09-05 10:00:00,W 2-0,0-0,""0,00"",""0,0000"",""0,0"",null-224"
","""","""","""","""","""","""","""","""","""","""","""","""","""",efid59wgpvy2fcjmockkh1fkk,efid59wgpvy2fcjmockkh1fkk,""2652000"",efid59wgpvy2fcjmockkh1fkk:376,""376"",""48"","""",""1"",""26"",""26"",BallRecovery,""1"",""1034"",""2"",""15"",RM2,3kibouup3gxwnnxp3vhz83af7,""3022"",Real Madrid II,Real Madrid II,RM2,Real Madrid II,#0066FF,""3022"",2026-09-05,Real Madrid II,Juventud Torremolinos,""0"",""0"",RM2,RM2,3kibouup3gxwnnxp3vhz83af7,""3022"",JVT,1ns4wmqvdyif7lfkwmfv6i4np,""19965"",""0"",""0"",""2"",""0"",""2"",""0"",""2"",""45"",2026-09-05 10:00:00,W 2-0,0-0,""0,00"",""0,0000"",""0,0"",null-224"
"Ávaro Leiva,"""","""","""","""","""","""","""","""","""","""","""",3jzkkcd5ysauxk07bli7ic2l0,"""",efid59wgpvy2fcjmockkh1fkk,efid59wgpvy2fcjmockkh1fkk,""2652000"",efid59wgpvy2fcjmockkh1fkk:406,""406"","""","""","""","""","""",Tackle,""1"",""1094"","""","""",RM2,3kibouup3gxwnnxp3vhz83af7,""3022"",Real Madrid II,Real Madrid II,RM2,Real Madrid II,#0066FF,""3022"",2026-09-05,Real Madrid II,Juventud Torremolinos,""0"",""0"",RM2,RM2,3kibouup3gxwnnxp3vhz83af7,""3022"",JVT,1ns4wmqvdyif7lfkwmfv6i4np,""19965"",""0"",""0"",""2"",""0"",""2"",""0"",""2"",""45"",2026-09-05 10:00:00,W 2-0,0-0,""0,00"",""0,0000"",""0,0"",null-224"
"Álvaro Lezcano,"""","""","""","""","""","""","""","""","""","""","""",4l0vkva7e7yjdpqi7zh1qfeok,"""",efid59wgpvy2fcjmockkh1fkk,efid59wgpvy2fcjmockkh1fkk,""2652000"",efid59wgpvy2fcjmockkh1fkk:417,""417"","""","""","""","""","""",Tackle,""1"",""1116"","""","""",RM2,3kibouup3gxwnnxp3vhz83af7,""3022"",Real Madrid II,Real Madrid II,RM2,Real Madrid II,#0066FF,""3022"",2026-09-05,Real Madrid II,Juventud Torremolinos,""0"",""0"",RM2,RM2,3kibouup3gxwnnxp3vhz83af7,""3022"",JVT,1ns4wmqvdyif7lfkwmfv6i4np,""19965"",""0"",""0"",""2"",""0"",""2"",""0"",""2"",""45"",2026-09-05 10:00:00,W 2-0,0-0,""0,00"",""0,0000"",""0,0"",null-224"
"Roberto Martín,"""","""","""","""","""","""","""","""","""","""","""",9b2viksiavag66sxdw7n45qms,"""",efid59wgpvy2fcjmockkh1fkk,efid59wgpvy2fcjmockkh1fkk,""2652000"",efid59wgpvy2fcjmockkh1fkk:421,""421"",""54"","""",""1"",""30"",""30"",Tackle,""1"",""1120"",""4"",""22"",RM2,3kibouup3gxwnnxp3vhz83af7,""3022"",Real Madrid II,Real Madrid II,RM2,Real Madrid II,#0066FF,""3022"",2026-09-05,Real Madrid II,Juventud Torremolinos,""0"",""0"",RM2,RM2,3kibouup3gxwnnxp3vhz83af7,""3022"",JVT,1ns4wmqvdyif7lfkwmfv6i4np,""19965"",""0"",""0"",""2"",""0"",""2"",""0"",""2"",""45"",2026-09-05 10:00:00,W 2-0,0-0,""0,00"",""0,0000"",""0,0"",null-224"
","""","""","""","""","""","""","""","""","""","""","""","""","""",efid59wgpvy2fcjmockkh1fkk,efid59wgpvy2fcjmockkh1fkk,""2652000"",efid59wgpvy2fcjmockkh1fkk:422,""422"",""54"","""",""2"",""30"",""30"",BallRecovery,""1"",""1123"",""4"",""22"",RM2,3kibouup3gxwnnxp3vhz83af7,""3022"",Real Madrid II,Real Madrid II,RM2,Real Madrid II,#0066FF,""3022"",2026-09-05,Real Madrid II,Juventud Torremolinos,""0"",""0"",RM2,RM2,3kibouup3gxwnnxp3vhz83af7,""3022"",JVT,1ns4wmqvdyif7lfkwmfv6i4np,""19965"",""0"",""0"",""2"",""0"",""2"",""0"",""2"",""45"",2026-09-05 10:00:00,W 2-0,0-0,""0,00"",""0,0000"",""0,0"",null-224"
"Mario Rivas,"""","""","""","""","""","""","""","""","""","""","""",974pgl5fo69ks8qsv1oorx8us,"""",efid59wgpvy2fcjmockkh1fkk,efid59wgpvy2fcjmockkh1fkk,""2652000"",efid59wgpvy2fcjmockkh1fkk:442,""442"","""","""","""","""","""",Interception,""1"",""1167"","""","""",RM2,3kibouup3gxwnnxp3vhz83af7,""3022"",Real Madrid II,Real Madrid II,RM2,Real Madrid II,#0066FF,""3022"",2026-09-05,Real Madrid II,Juventud Torremolinos,""0"",""0"",RM2,RM2,3kibouup3gxwnnxp3vhz83af7,""3022"",JVT,1ns4wmqvdyif7lfkwmfv6i4np,""19965"",""0"",""0"",""2"",""0"",""2"",""0"",""2"",""45"",2026-09-05 10:00:00,W 2-0,0-0,""0,00"",""0,0000"",""0,0"",null-224"
","""","""","""","""","""","""","""","""","""","""","""","""","""",efid59wgpvy2fcjmockkh1fkk,efid59wgpvy2fcjmockkh1fkk,""2652000"",efid59wgpvy2fcjmockkh1fkk:447,""447"","""","""","""","""","""",Challenge,""1"",""1169"","""","""",RM2,3kibouup3gxwnnxp3vhz83af7,""3022"",Real Madrid II,Real Madrid II,RM2,Real Madrid II,#0066FF,""3022"",2026-09-05,Real Madrid II,Juventud Torremolinos,""0"",""0"",RM2,RM2,3kibouup3gxwnnxp3vhz83af7,""3022"",JVT,1ns4wmqvdyif7lfkwmfv6i4np,""19965"",""0"",""0"",""2"",""0"",""2"",""0"",""2"",""45"",2026-09-05 10:00:00,W 2-0,0-0,""0,00"",""0,0000"",""0,0"",null-224"
"Sergio Mestre,"""","""","""","""","""","""","""","""","""","""","""",3krfyio6dlb6gkoggsmqwkj6c,"""",efid59wgpvy2fcjmockkh1fkk,efid59wgpvy2fcjmockkh1fkk,""2652000"",efid59wgpvy2fcjmockkh1fkk:451,""451"","""","""","""","""","""",Save,""1"",""1184"","""","""",RM2,3kibouup3gxwnnxp3vhz83af7,""3022"",Real Madrid II,Real Madrid II,RM2,Real Madrid II,#0066FF,""3022"",2026-09-05,Real Madrid II,Juventud Torremolinos,""0"",""0"",RM2,RM2,3kibouup3gxwnnxp3vhz83af7,""3022"",JVT,1ns4wmqvdyif7lfkwmfv6i4np,""19965"",""0"",""0"",""2"",""0"",""2"",""0"",""2"",""45"",2026-09-05 10:00:00,W 2-0,0-0,""0,00"",""0,0000"",""0,0"",null-224"
","""","""","""","""","""","""","""","""","""","""","""","""","""",efid59wgpvy2fcjmockkh1fkk,efid59wgpvy2fcjmockkh1fkk,""2652000"",efid59wgpvy2fcjmockkh1fkk:474,""474"",""62"","""",""1"",""34"",""34"",BallRecovery,""1"",""1258"",""17"",""17"",RM2,3kibouup3gxwnnxp3vhz83af7,""3022"",Real Madrid II,Real Madrid II,RM2,Real Madrid II,#0066FF,""3022"",2026-09-05,Real Madrid II,Juventud Torremolinos,""0"",""0"",RM2,RM2,3kibouup3gxwnnxp3vhz83af7,""3022"",JVT,1ns4wmqvdyif7lfkwmfv6i4np,""19965"",""0"",""0"",""2"",""0"",""2"",""0"",""2"",""45"",2026-09-05 10:00:00,W 2-0,0-0,""0,00"",""0,0000"",""0,0"",null-224"
"Pol Fortuny,"""","""","""","""","""","""","""","""","""","""","""",diwvhwul9fvsmpdwosvy8nwus,"""",efid59wgpvy2fcjmockkh1fkk,efid59wgpvy2fcjmockkh1fkk,""2652000"",efid59wgpvy2fcjmockkh1fkk:488,""488"",""64"","""",""1"",""36"",""36"",Tackle,""1"",""1277"",""18"",""49"",RM2,3kibouup3gxwnnxp3vhz83af7,""3022"",Real Madrid II,Real Madrid II,RM2,Real Madrid II,#0066FF,""3022"",2026-09-05,Real Madrid II,Juventud Torremolinos,""0"",""0"",RM2,RM2,3kibouup3gxwnnxp3vhz83af7,""3022"",JVT,1ns4wmqvdyif7lfkwmfv6i4np,""19965"",""0"",""0"",""2"",""0"",""2"",""0"",""2"",""45"",2026-09-05 10:00:00,W 2-0,0-0,""0,00"",""0,0000"",""0,0"",null-224"
","""","""","""","""","""","""","""","""","""","""","""","""","""",efid59wgpvy2fcjmockkh1fkk,efid59wgpvy2fcjmockkh1fkk,""2652000"",efid59wgpvy2fcjmockkh1fkk:489,""489"",""64"","""",""2"",""36"",""36"",BallRecovery,""1"",""1279"",""18"",""49"",RM2,3kibouup3gxwnnxp3vhz83af7,""3022"",Real Madrid II,Real Madrid II,RM2,Real Madrid II,#0066FF,""3022"",2026-09-05,Real Madrid II,Juventud Torremolinos,""0"",""0"",RM2,RM2,3kibouup3gxwnnxp3vhz83af7,""3022"",JVT,1ns4wmqvdyif7lfkwmfv6i4np,""19965"",""0"",""0"",""2"",""0"",""2"",""0"",""2"",""45"",2026-09-05 10:00:00,W 2-0,0-0,""0,00"",""0,0000"",""0,0"",null-224"
","""","""","""","""","""","""","""","""","""","""","""","""","""",efid59wgpvy2fcjmockkh1fkk,efid59wgpvy2fcjmockkh1fkk,""2652000"",efid59wgpvy2fcjmockkh1fkk:516,""516"","""","""","""","""","""",OffsideProvoked,""1"",""1371"","""","""",RM2,3kibouup3gxwnnxp3vhz83af7,""3022"",Real Madrid II,Real Madrid II,RM2,Real Madrid II,#0066FF,""3022"",2026-09-05,Real Madrid II,Juventud Torremolinos,""0"",""0"",RM2,RM2,3kibouup3gxwnnxp3vhz83af7,""3022"",JVT,1ns4wmqvdyif7lfkwmfv6i4np,""19965"",""0"",""0"",""2"",""0"",""2"",""0"",""2"",""45"",2026-09-05 10:00:00,W 2-0,0-0,""0,00"",""0,0000"",""0,0"",null-224"
","""","""","""","""","""","""","""","""","""","""","""","""","""",efid59wgpvy2fcjmockkh1fkk,efid59wgpvy2fcjmockkh1fkk,""2652000"",efid59wgpvy2fcjmockkh1fkk:525,""525"","""","""","""",""38"",""38"",Aerial,""1"",""1410"","""",""73"",RM2,3kibouup3gxwnnxp3vhz83af7,""3022"",Real Madrid II,Real Madrid II,RM2,Real Madrid II,#0066FF,""3022"",2026-09-05,Real Madrid II,Juventud Torremolinos,""0"",""0"",RM2,RM2,3kibouup3gxwnnxp3vhz83af7,""3022"",JVT,1ns4wmqvdyif7lfkwmfv6i4np,""19965"",""0"",""0"",""2"",""0"",""2"",""0"",""2"",""45"",2026-09-05 10:00:00,W 2-0,0-0,""0,00"",""0,0000"",""0,0"",null-224"
","""","""","""","""","""","""","""","""","""","""","""","""","""",efid59wgpvy2fcjmockkh1fkk,efid59wgpvy2fcjmockkh1fkk,""2652000"",efid59wgpvy2fcjmockkh1fkk:547,""547"","""","""","""",""38"",""38"",Aerial,""1"",""1455"","""",""73"",RM2,3kibouup3gxwnnxp3vhz83af7,""3022"",Real Madrid II,Real Madrid II,RM2,Real Madrid II,#0066FF,""3022"",2026-09-05,Real Madrid II,Juventud Torremolinos,""0"",""0"",RM2,RM2,3kibouup3gxwnnxp3vhz83af7,""3022"",JVT,1ns4wmqvdyif7lfkwmfv6i4np,""19965"",""0"",""0"",""2"",""0"",""2"",""0"",""2"",""45"",2026-09-05 10:00:00,W 2-0,0-0,""0,00"",""0,0000"",""0,0"",null-224"
"Álvaro Lezcano,"""","""","""","""","""","""","""","""","""","""","""",4l0vkva7e7yjdpqi7zh1qfeok,"""",efid59wgpvy2fcjmockkh1fkk,efid59wgpvy2fcjmockkh1fkk,""2652000"",efid59wgpvy2fcjmockkh1fkk:561,""561"","""","""","""","""","""",Tackle,""1"",""1670"","""","""",RM2,3kibouup3gxwnnxp3vhz83af7,""3022"",Real Madrid II,Real Madrid II,RM2,Real Madrid II,#0066FF,""3022"",2026-09-05,Real Madrid II,Juventud Torremolinos,""1"",""0"",RM2,RM2,3kibouup3gxwnnxp3vhz83af7,""3022"",JVT,1ns4wmqvdyif7lfkwmfv6i4np,""19965"",""0"",""1"",""2"",""0"",""2"",""0"",""2"",""45"",2026-09-05 10:00:00,W 2-0,1-0,""0,00"",""0,0000"",""0,0"",null-224"
"Álvaro Lezcano,"""","""","""","""","""","""","""","""","""","""","""",4l0vkva7e7yjdpqi7zh1qfeok,"""",efid59wgpvy2fcjmockkh1fkk,efid59wgpvy2fcjmockkh1fkk,""2652000"",efid59wgpvy2fcjmockkh1fkk:564,""564"","""","""","""","""","""",Tackle,""1"",""1671"","""","""",RM2,3kibouup3gxwnnxp3vhz83af7,""3022"",Real Madrid II,Real Madrid II,RM2,Real Madrid II,#0066FF,""3022"",2026-09-05,Real Madrid II,Juventud Torremolinos,""1"",""0"",RM2,RM2,3kibouup3gxwnnxp3vhz83af7,""3022"",JVT,1ns4wmqvdyif7lfkwmfv6i4np,""19965"",""0"",""1"",""2"",""0"",""2"",""0"",""2"",""45"",2026-09-05 10:00:00,W 2-0,1-0,""0,00"",""0,0000"",""0,0"",null-224"
"R. Fettal,"""","""","""","""","""","""","""","""","""","""","""",bhm1k39pmnmzfprk4beva5mac,"""",efid59wgpvy2fcjmockkh1fkk,efid59wgpvy2fcjmockkh1fkk,""2652000"",efid59wgpvy2fcjmockkh1fkk:584,""584"",""78"","""",""1"",""42"",""42"",BlockedPass,""1"",""1714"",""2"",""212"",RM2,3kibouup3gxwnnxp3vhz83af7,""3022"",Real Madrid II,Real Madrid II,RM2,Real Madrid II,#0066FF,""3022"",2026-09-05,Real Madrid II,Juventud Torremolinos,""1"",""0"",RM2,RM2,3kibouup3gxwnnxp3vhz83af7,""3022"",JVT,1ns4wmqvdyif7lfkwmfv6i4np,""19965"",""0"",""1"",""2"",""0"",""2"",""0"",""2"",""45"",2026-09-05 10:00:00,W 2-0,1-0,""0,00"",""0,0000"",""0,0"",null-224"
","""","""","""","""","""","""","""","""","""","""","""","""","""",efid59wgpvy2fcjmockkh1fkk,efid59wgpvy2fcjmockkh1fkk,""2652000"",efid59wgpvy2fcjmockkh1fkk:608,""608"",""82"","""",""1"",""44"",""44"",BallRecovery,""1"",""1936"",""1"",""47"",RM2,3kibouup3gxwnnxp3vhz83af7,""3022"",Real Madrid II,Real Madrid II,RM2,Real Madrid II,#0066FF,""3022"",2026-09-05,Real Madrid II,Juventud Torremolinos,""1"",""0"",RM2,RM2,3kibouup3gxwnnxp3vhz83af7,""3022"",JVT,1ns4wmqvdyif7lfkwmfv6i4np,""19965"",""0"",""1"",""2"",""0"",""2"",""0"",""2"",""45"",2026-09-05 10:00:00,W 2-0,1-0,""0,00"",""0,0000"",""0,0"",null-224"
","""","""","""","""","""","""","""","""","""","""","""","""","""",efid59wgpvy2fcjmockkh1fkk,efid59wgpvy2fcjmockkh1fkk,""2652000"",efid59wgpvy2fcjmockkh1fkk:645,""645"",""86"","""",""1"",""46"",""46"",BallRecovery,""1"",""2040"",""19"",""38"",RM2,3kibouup3gxwnnxp3vhz83af7,""3022"",Real Madrid II,Real Madrid II,RM2,Real Madrid II,#0066FF,""3022"",2026-09-05,Real Madrid II,Juventud Torremolinos,""1"",""0"",RM2,RM2,3kibouup3gxwnnxp3vhz83af7,""3022"",JVT,1ns4wmqvdyif7lfkwmfv6i4np,""19965"",""0"",""1"",""2"",""0"",""2"",""0"",""2"",""45"",2026-09-05 10:00:00,W 2-0,1-0,""0,00"",""0,0000"",""0,0"",null-224"
","""","""","""","""","""","""","""","""","""","""","""","""","""",efid59wgpvy2fcjmockkh1fkk,efid59wgpvy2fcjmockkh1fkk,""2652000"",efid59wgpvy2fcjmockkh1fkk:670,""670"",""89"","""",""1"",""48"",""48"",BallRecovery,""1"",""2088"",""43"",""43"",RM2,3kibouup3gxwnnxp3vhz83af7,""3022"",Real Madrid II,Real Madrid II,RM2,Real Madrid II,#0066FF,""3022"",2026-09-05,Real Madrid II,Juventud Torremolinos,""1"",""0"",RM2,RM2,3kibouup3gxwnnxp3vhz83af7,""3022"",JVT,1ns4wmqvdyif7lfkwmfv6i4np,""19965"",""0"",""1"",""2"",""0"",""2"",""0"",""2"",""45"",2026-09-05 10:00:00,W 2-0,1-0,""0,00"",""0,0000"",""0,0"",null-224"
","""","""","""","""","""","""","""","""","""","""","""","""","""",efid59wgpvy2fcjmockkh1fkk,efid59wgpvy2fcjmockkh1fkk,""2652000"",efid59wgpvy2fcjmockkh1fkk:751,""751"",""97"","""",""1"",""54"",""54"",BallRecovery,""1"",""2277"",""1"",""46"",RM2,3kibouup3gxwnnxp3vhz83af7,""3022"",Real Madrid II,Real Madrid II,RM2,Real Madrid II,#0066FF,""3022"",2026-09-05,Real Madrid II,Juventud Torremolinos,""1"",""0"",RM2,RM2,3kibouup3gxwnnxp3vhz83af7,""3022"",JVT,1ns4wmqvdyif7lfkwmfv6i4np,""19965"",""0"",""1"",""2"",""0"",""2"",""0"",""2"",""45"",2026-09-05 10:00:00,W 2-0,1-0,""0,00"",""0,0000"",""0,0"",null-224"
","""","""","""","""","""","""","""","""","""","""","""","""","""",efid59wgpvy2fcjmockkh1fkk,efid59wgpvy2fcjmockkh1fkk,""2652000"",efid59wgpvy2fcjmockkh1fkk:776,""776"",""100"","""",""1"",""56"",""56"",BallRecovery,""1"",""2353"",""11"",""27"",RM2,3kibouup3gxwnnxp3vhz83af7,""3022"",Real Madrid II,Real Madrid II,RM2,Real Madrid II,#0066FF,""3022"",2026-09-05,Real Madrid II,Juventud Torremolinos,""1"",""0"",RM2,RM2,3kibouup3gxwnnxp3vhz83af7,""3022"",JVT,1ns4wmqvdyif7lfkwmfv6i4np,""19965"",""0"",""1"",""2"",""0"",""2"",""0"",""2"",""45"",2026-09-05 10:00:00,W 2-0,1-0,""0,00"",""0,0000"",""0,0"",null-224"
","""","""","""","""","""","""","""","""","""","""","""","""","""",efid59wgpvy2fcjmockkh1fkk,efid59wgpvy2fcjmockkh1fkk,""2652000"",efid59wgpvy2fcjmockkh1fkk:794,""794"",""103"","""",""1"",""58"",""58"",BallRecovery,""1"",""2386"",""5"",""5"",RM2,3kibouup3gxwnnxp3vhz83af7,""3022"",Real Madrid II,Real Madrid II,RM2,Real Madrid II,#0066FF,""3022"",2026-09-05,Real Madrid II,Juventud Torremolinos,""1"",""0"",RM2,RM2,3kibouup3gxwnnxp3vhz83af7,""3022"",JVT,1ns4wmqvdyif7lfkwmfv6i4np,""19965"",""0"",""1"",""2"",""0"",""2"",""0"",""2"",""45"",2026-09-05 10:00:00,W 2-0,1-0,""0,00"",""0,0000"",""0,0"",null-224"
"Ávaro Leiva,"""","""","""","""","""","""","""","""","""","""","""",3jzkkcd5ysauxk07bli7ic2l0,"""",efid59wgpvy2fcjmockkh1fkk,efid59wgpvy2fcjmockkh1fkk,""2652000"",efid59wgpvy2fcjmockkh1fkk:805,""805"","""","""","""","""","""",Interception,""1"",""2396"","""","""",RM2,3kibouup3gxwnnxp3vhz83af7,""3022"",Real Madrid II,Real Madrid II,RM2,Real Madrid II,#0066FF,""3022"",2026-09-05,Real Madrid II,Juventud Torremolinos,""1"",""0"",RM2,RM2,3kibouup3gxwnnxp3vhz83af7,""3022"",JVT,1ns4wmqvdyif7lfkwmfv6i4np,""19965"",""0"",""1"",""2"",""0"",""2"",""0"",""2"",""45"",2026-09-05 10:00:00,W 2-0,1-0,""0,00"",""0,0000"",""0,0"",null-224"
"Álvaro Lezcano,"""","""","""","""","""","""","""","""","""","""","""",4l0vkva7e7yjdpqi7zh1qfeok,"""",efid59wgpvy2fcjmockkh1fkk,efid59wgpvy2fcjmockkh1fkk,""2652000"",efid59wgpvy2fcjmockkh1fkk:809,""809"",""105"","""",""1"",""60"",""60"",Tackle,""1"",""2398"",""11"",""11"",RM2,3kibouup3gxwnnxp3vhz83af7,""3022"",Real Madrid II,Real Madrid II,RM2,Real Madrid II,#0066FF,""3022"",2026-09-05,Real Madrid II,Juventud Torremolinos,""1"",""0"",RM2,RM2,3kibouup3gxwnnxp3vhz83af7,""3022"",JVT,1ns4wmqvdyif7lfkwmfv6i4np,""19965"",""0"",""1"",""2"",""0"",""2"",""0"",""2"",""45"",2026-09-05 10:00:00,W 2-0,1-0,""0,00"",""0,0000"",""0,0"",null-224"
","""","""","""","""","""","""","""","""","""","""","""","""","""",efid59wgpvy2fcjmockkh1fkk,efid59wgpvy2fcjmockkh1fkk,""2652000"",efid59wgpvy2fcjmockkh1fkk:810,""810"",""105"","""",""2"",""60"",""60"",BallRecovery,""1"",""2400"",""11"",""11"",RM2,3kibouup3gxwnnxp3vhz83af7,""3022"",Real Madrid II,Real Madrid II,RM2,Real Madrid II,#0066FF,""3022"",2026-09-05,Real Madrid II,Juventud Torremolinos,""1"",""0"",RM2,RM2,3kibouup3gxwnnxp3vhz83af7,""3022"",JVT,1ns4wmqvdyif7lfkwmfv6i4np,""19965"",""0"",""1"",""2"",""0"",""2"",""0"",""2"",""45"",2026-09-05 10:00:00,W 2-0,1-0,""0,00"",""0,0000"",""0,0"",null-224"
"Joan Martínez,"""","""","""","""","""","""","""","""","""","""","""",4aihdtm9m5evl5ohlx54ccs9g,"""",efid59wgpvy2fcjmockkh1fkk,efid59wgpvy2fcjmockkh1fkk,""2652000"",efid59wgpvy2fcjmockkh1fkk:823,""823"","""","""","""","""","""",Interception,""1"",""2434"","""","""",RM2,3kibouup3gxwnnxp3vhz83af7,""3022"",Real Madrid II,Real Madrid II,RM2,Real Madrid II,#0066FF,""3022"",2026-09-05,Real Madrid II,Juventud Torremolinos,""1"",""0"",RM2,RM2,3kibouup3gxwnnxp3vhz83af7,""3022"",JVT,1ns4wmqvdyif7lfkwmfv6i4np,""19965"",""0"",""1"",""2"",""0"",""2"",""0"",""2"",""45"",2026-09-05 10:00:00,W 2-0,1-0,""0,00"",""0,0000"",""0,0"",null-224"
"Joan Martínez,"""","""","""","""","""","""","""","""","""","""","""",4aihdtm9m5evl5ohlx54ccs9g,"""",efid59wgpvy2fcjmockkh1fkk,efid59wgpvy2fcjmockkh1fkk,""2652000"",efid59wgpvy2fcjmockkh1fkk:860,""860"",""110"","""",""1"",""64"",""64"",Tackle,""1"",""2542"",""3"",""7"",RM2,3kibouup3gxwnnxp3vhz83af7,""3022"",Real Madrid II,Real Madrid II,RM2,Real Madrid II,#0066FF,""3022"",2026-09-05,Real Madrid II,Juventud Torremolinos,""1"",""0"",RM2,RM2,3kibouup3gxwnnxp3vhz83af7,""3022"",JVT,1ns4wmqvdyif7lfkwmfv6i4np,""19965"",""0"",""1"",""2"",""0"",""2"",""0"",""2"",""45"",2026-09-05 10:00:00,W 2-0,1-0,""0,00"",""0,0000"",""0,0"",null-224"
","""","""","""","""","""","""","""","""","""","""","""","""","""",efid59wgpvy2fcjmockkh1fkk,efid59wgpvy2fcjmockkh1fkk,""2652000"",efid59wgpvy2fcjmockkh1fkk:864,""864"",""111"","""",""1"",""64"",""64"",BallRecovery,""1"",""2549"",""0"",""7"",RM2,3kibouup3gxwnnxp3vhz83af7,""3022"",Real Madrid II,Real Madrid II,RM2,Real Madrid II,#0066FF,""3022"",2026-09-05,Real Madrid II,Juventud Torremolinos,""1"",""0"",RM2,RM2,3kibouup3gxwnnxp3vhz83af7,""3022"",JVT,1ns4wmqvdyif7lfkwmfv6i4np,""19965"",""0"",""1"",""2"",""0"",""2"",""0"",""2"",""45"",2026-09-05 10:00:00,W 2-0,1-0,""0,00"",""0,0000"",""0,0"",null-224"
","""","""","""","""","""","""","""","""","""","""","""","""","""",efid59wgpvy2fcjmockkh1fkk,efid59wgpvy2fcjmockkh1fkk,""2652000"",efid59wgpvy2fcjmockkh1fkk:915,""915"","""","""","""","""","""",Aerial,""1"",""2670"","""","""",RM2,3kibouup3gxwnnxp3vhz83af7,""3022"",Real Madrid II,Real Madrid II,RM2,Real Madrid II,#0066FF,""3022"",2026-09-05,Real Madrid II,Juventud Torremolinos,""1"",""0"",RM2,RM2,3kibouup3gxwnnxp3vhz83af7,""3022"",JVT,1ns4wmqvdyif7lfkwmfv6i4np,""19965"",""0"",""1"",""2"",""0"",""2"",""0"",""2"",""45"",2026-09-05 10:00:00,W 2-0,1-0,""0,00"",""0,0000"",""0,0"",null-224"
","""","""","""","""","""","""","""","""","""","""","""","""","""",efid59wgpvy2fcjmockkh1fkk,efid59wgpvy2fcjmockkh1fkk,""2652000"",efid59wgpvy2fcjmockkh1fkk:936,""936"","""","""","""","""","""",Aerial,""1"",""2708"","""","""",RM2,3kibouup3gxwnnxp3vhz83af7,""3022"",Real Madrid II,Real Madrid II,RM2,Real Madrid II,#0066FF,""3022"",2026-09-05,Real Madrid II,Juventud Torremolinos,""1"",""0"",RM2,RM2,3kibouup3gxwnnxp3vhz83af7,""3022"",JVT,1ns4wmqvdyif7lfkwmfv6i4np,""19965"",""0"",""1"",""2"",""0"",""2"",""0"",""2"",""45"",2026-09-05 10:00:00,W 2-0,1-0,""0,00"",""0,0000"",""0,0"",null-224"
","""","""","""","""","""","""","""","""","""","""","""","""","""",efid59wgpvy2fcjmockkh1fkk,efid59wgpvy2fcjmockkh1fkk,""2652000"",efid59wgpvy2fcjmockkh1fkk:940,""940"",""122"","""",""1"",""72"",""72"",BallRecovery,""1"",""2711"",""6"",""6"",RM2,3kibouup3gxwnnxp3vhz83af7,""3022"",Real Madrid II,Real Madrid II,RM2,Real Madrid II,#0066FF,""3022"",2026-09-05,Real Madrid II,Juventud Torremolinos,""1"",""0"",RM2,RM2,3kibouup3gxwnnxp3vhz83af7,""3022"",JVT,1ns4wmqvdyif7lfkwmfv6i4np,""19965"",""0"",""1"",""2"",""0"",""2"",""0"",""2"",""45"",2026-09-05 10:00:00,W 2-0,1-0,""0,00"",""0,0000"",""0,0"",null-224"
"Joan Martínez,"""","""","""","""","""","""","""","""","""","""","""",4aihdtm9m5evl5ohlx54ccs9g,"""",efid59wgpvy2fcjmockkh1fkk,efid59wgpvy2fcjmockkh1fkk,""2652000"",efid59wgpvy2fcjmockkh1fkk:951,""951"",""124"","""",""2"",""74"",""74"",Clearance,""1"",""2726"",""3"",""3"",RM2,3kibouup3gxwnnxp3vhz83af7,""3022"",Real Madrid II,Real Madrid II,RM2,Real Madrid II,#0066FF,""3022"",2026-09-05,Real Madrid II,Juventud Torremolinos,""1"",""0"",RM2,RM2,3kibouup3gxwnnxp3vhz83af7,""3022"",JVT,1ns4wmqvdyif7lfkwmfv6i4np,""19965"",""0"",""1"",""2"",""0"",""2"",""0"",""2"",""45"",2026-09-05 10:00:00,W 2-0,1-0,""0,00"",""0,0000"",""0,0"",null-224"
"R. Fettal,"""","""","""","""","""","""","""","""","""","""","""",bhm1k39pmnmzfprk4beva5mac,"""",efid59wgpvy2fcjmockkh1fkk,efid59wgpvy2fcjmockkh1fkk,""2652000"",efid59wgpvy2fcjmockkh1fkk:957,""957"","""","""","""","""","""",Clearance,""1"",""2758"","""","""",RM2,3kibouup3gxwnnxp3vhz83af7,""3022"",Real Madrid II,Real Madrid II,RM2,Real Madrid II,#0066FF,""3022"",2026-09-05,Real Madrid II,Juventud Torremolinos,""1"",""0"",RM2,RM2,3kibouup3gxwnnxp3vhz83af7,""3022"",JVT,1ns4wmqvdyif7lfkwmfv6i4np,""19965"",""0"",""1"",""2"",""0"",""2"",""0"",""2"",""45"",2026-09-05 10:00:00,W 2-0,1-0,""0,00"",""0,0000"",""0,0"",null-224"
"Ávaro Leiva,"""","""","""","""","""","""","""","""","""","""","""",3jzkkcd5ysauxk07bli7ic2l0,"""",efid59wgpvy2fcjmockkh1fkk,efid59wgpvy2fcjmockkh1fkk,""2652000"",efid59wgpvy2fcjmockkh1fkk:960,""960"","""","""","""","""","""",Clearance,""1"",""2761"","""","""",RM2,3kibouup3gxwnnxp3vhz83af7,""3022"",Real Madrid II,Real Madrid II,RM2,Real Madrid II,#0066FF,""3022"",2026-09-05,Real Madrid II,Juventud Torremolinos,""1"",""0"",RM2,RM2,3kibouup3gxwnnxp3vhz83af7,""3022"",JVT,1ns4wmqvdyif7lfkwmfv6i4np,""19965"",""0"",""1"",""2"",""0"",""2"",""0"",""2"",""45"",2026-09-05 10:00:00,W 2-0,1-0,""0,00"",""0,0000"",""0,0"",null-224"
","""","""","""","""","""","""","""","""","""","""","""","""","""",efid59wgpvy2fcjmockkh1fkk,efid59wgpvy2fcjmockkh1fkk,""2652000"",efid59wgpvy2fcjmockkh1fkk:963,""963"","""","""","""","""","""",Challenge,""1"",""2765"","""","""",RM2,3kibouup3gxwnnxp3vhz83af7,""3022"",Real Madrid II,Real Madrid II,RM2,Real Madrid II,#0066FF,""3022"",2026-09-05,Real Madrid II,Juventud Torremolinos,""1"",""0"",RM2,RM2,3kibouup3gxwnnxp3vhz83af7,""3022"",JVT,1ns4wmqvdyif7lfkwmfv6i4np,""19965"",""0"",""1"",""2"",""0"",""2"",""0"",""2"",""45"",2026-09-05 10:00:00,W 2-0,1-0,""0,00"",""0,0000"",""0,0"",null-224"
"Joan Martínez,"""","""","""","""","""","""","""","""","""","""","""",4aihdtm9m5evl5ohlx54ccs9g,"""",efid59wgpvy2fcjmockkh1fkk,efid59wgpvy2fcjmockkh1fkk,""2652000"",efid59wgpvy2fcjmockkh1fkk:965,""965"","""","""","""","""","""",Clearance,""1"",""2768"","""","""",RM2,3kibouup3gxwnnxp3vhz83af7,""3022"",Real Madrid II,Real Madrid II,RM2,Real Madrid II,#0066FF,""3022"",2026-09-05,Real Madrid II,Juventud Torremolinos,""1"",""0"",RM2,RM2,3kibouup3gxwnnxp3vhz83af7,""3022"",JVT,1ns4wmqvdyif7lfkwmfv6i4np,""19965"",""0"",""1"",""2"",""0"",""2"",""0"",""2"",""45"",2026-09-05 10:00:00,W 2-0,1-0,""0,00"",""0,0000"",""0,0"",null-224"
","""","""","""","""","""","""","""","""","""","""","""","""","""",efid59wgpvy2fcjmockkh1fkk,efid59wgpvy2fcjmockkh1fkk,""2652000"",efid59wgpvy2fcjmockkh1fkk:968,""968"",""128"","""",""1"",""76"",""76"",BallRecovery,""1"",""2773"",""5"",""129"",RM2,3kibouup3gxwnnxp3vhz83af7,""3022"",Real Madrid II,Real Madrid II,RM2,Real Madrid II,#0066FF,""3022"",2026-09-05,Real Madrid II,Juventud Torremolinos,""1"",""0"",RM2,RM2,3kibouup3gxwnnxp3vhz83af7,""3022"",JVT,1ns4wmqvdyif7lfkwmfv6i4np,""19965"",""0"",""1"",""2"",""0"",""2"",""0"",""2"",""45"",2026-09-05 10:00:00,W 2-0,1-0,""0,00"",""0,0000"",""0,0"",null-224"
"Roberto Martín,"""","""","""","""","""","""","""","""","""","""","""",9b2viksiavag66sxdw7n45qms,"""",efid59wgpvy2fcjmockkh1fkk,efid59wgpvy2fcjmockkh1fkk,""2652000"",efid59wgpvy2fcjmockkh1fkk:1013,""1013"","""","""","""","""","""",Tackle,""1"",""2905"","""","""",RM2,3kibouup3gxwnnxp3vhz83af7,""3022"",Real Madrid II,Real Madrid II,RM2,Real Madrid II,#0066FF,""3022"",2026-09-05,Real Madrid II,Juventud Torremolinos,""1"",""0"",RM2,RM2,3kibouup3gxwnnxp3vhz83af7,""3022"",JVT,1ns4wmqvdyif7lfkwmfv6i4np,""19965"",""0"",""1"",""2"",""0"",""2"",""0"",""2"",""45"",2026-09-05 10:00:00,W 2-0,1-0,""0,00"",""0,0000"",""0,0"",null-224"
"Pol Fortuny,"""","""","""","""","""","""","""","""","""","""","""",diwvhwul9fvsmpdwosvy8nwus,"""",efid59wgpvy2fcjmockkh1fkk,efid59wgpvy2fcjmockkh1fkk,""2652000"",efid59wgpvy2fcjmockkh1fkk:1017,""1017"",""134"","""",""1"",""78"",""78"",Tackle,""1"",""2908"",""11"",""11"",RM2,3kibouup3gxwnnxp3vhz83af7,""3022"",Real Madrid II,Real Madrid II,RM2,Real Madrid II,#0066FF,""3022"",2026-09-05,Real Madrid II,Juventud Torremolinos,""1"",""0"",RM2,RM2,3kibouup3gxwnnxp3vhz83af7,""3022"",JVT,1ns4wmqvdyif7lfkwmfv6i4np,""19965"",""0"",""1"",""2"",""0"",""2"",""0"",""2"",""45"",2026-09-05 10:00:00,W 2-0,1-0,""0,00"",""0,0000"",""0,0"",null-224"
","""","""","""","""","""","""","""","""","""","""","""","""","""",efid59wgpvy2fcjmockkh1fkk,efid59wgpvy2fcjmockkh1fkk,""2652000"",efid59wgpvy2fcjmockkh1fkk:1018,""1018"",""134"","""",""2"",""78"",""78"",BallRecovery,""1"",""2911"",""11"",""11"",RM2,3kibouup3gxwnnxp3vhz83af7,""3022"",Real Madrid II,Real Madrid II,RM2,Real Madrid II,#0066FF,""3022"",2026-09-05,Real Madrid II,Juventud Torremolinos,""1"",""0"",RM2,RM2,3kibouup3gxwnnxp3vhz83af7,""3022"",JVT,1ns4wmqvdyif7lfkwmfv6i4np,""19965"",""0"",""1"",""2"",""0"",""2"",""0"",""2"",""45"",2026-09-05 10:00:00,W 2-0,1-0,""0,00"",""0,0000"",""0,0"",null-224"
"Roberto Martín,"""","""","""","""","""","""","""","""","""","""","""",9b2viksiavag66sxdw7n45qms,"""",efid59wgpvy2fcjmockkh1fkk,efid59wgpvy2fcjmockkh1fkk,""2652000"",efid59wgpvy2fcjmockkh1fkk:1029,""1029"","""","""","""","""","""",Tackle,""1"",""2928"","""","""",RM2,3kibouup3gxwnnxp3vhz83af7,""3022"",Real Madrid II,Real Madrid II,RM2,Real Madrid II,#0066FF,""3022"",2026-09-05,Real Madrid II,Juventud Torremolinos,""1"",""0"",RM2,RM2,3kibouup3gxwnnxp3vhz83af7,""3022"",JVT,1ns4wmqvdyif7lfkwmfv6i4np,""19965"",""0"",""1"",""2"",""0"",""2"",""0"",""2"",""45"",2026-09-05 10:00:00,W 2-0,1-0,""0,00"",""0,0000"",""0,0"",null-224"
"Mario Rivas,"""","""","""","""","""","""","""","""","""","""","""",974pgl5fo69ks8qsv1oorx8us,"""",efid59wgpvy2fcjmockkh1fkk,efid59wgpvy2fcjmockkh1fkk,""2652000"",efid59wgpvy2fcjmockkh1fkk:1045,""1045"","""","""","""","""","""",Clearance,""1"",""2971"","""","""",RM2,3kibouup3gxwnnxp3vhz83af7,""3022"",Real Madrid II,Real Madrid II,RM2,Real Madrid II,#0066FF,""3022"",2026-09-05,Real Madrid II,Juventud Torremolinos,""1"",""0"",RM2,RM2,3kibouup3gxwnnxp3vhz83af7,""3022"",JVT,1ns4wmqvdyif7lfkwmfv6i4np,""19965"",""0"",""1"",""2"",""0"",""2"",""0"",""2"",""45"",2026-09-05 10:00:00,W 2-0,1-0,""0,00"",""0,0000"",""0,0"",null-224"
"R. Fettal,"""","""","""","""","""","""","""","""","""","""","""",bhm1k39pmnmzfprk4beva5mac,"""",efid59wgpvy2fcjmockkh1fkk,efid59wgpvy2fcjmockkh1fkk,""2652000"",efid59wgpvy2fcjmockkh1fkk:1054,""1054"","""","""","""","""","""",Tackle,""1"",""2992"","""","""",RM2,3kibouup3gxwnnxp3vhz83af7,""3022"",Real Madrid II,Real Madrid II,RM2,Real Madrid II,#0066FF,""3022"",2026-09-05,Real Madrid II,Juventud Torremolinos,""1"",""0"",RM2,RM2,3kibouup3gxwnnxp3vhz83af7,""3022"",JVT,1ns4wmqvdyif7lfkwmfv6i4np,""19965"",""0"",""1"",""2"",""0"",""2"",""0"",""2"",""45"",2026-09-05 10:00:00,W 2-0,1-0,""0,00"",""0,0000"",""0,0"",null-224"
"R. Fettal,"""","""","""","""","""","""","""","""","""","""","""",bhm1k39pmnmzfprk4beva5mac,"""",efid59wgpvy2fcjmockkh1fkk,efid59wgpvy2fcjmockkh1fkk,""2652000"",efid59wgpvy2fcjmockkh1fkk:1068,""1068"",""139"","""",""1"",""80"",""80"",Interception,""1"",""3024"",""1"",""1"",RM2,3kibouup3gxwnnxp3vhz83af7,""3022"",Real Madrid II,Real Madrid II,RM2,Real Madrid II,#0066FF,""3022"",2026-09-05,Real Madrid II,Juventud Torremolinos,""1"",""0"",RM2,RM2,3kibouup3gxwnnxp3vhz83af7,""3022"",JVT,1ns4wmqvdyif7lfkwmfv6i4np,""19965"",""0"",""1"",""2"",""0"",""2"",""0"",""2"",""45"",2026-09-05 10:00:00,W 2-0,1-0,""0,00"",""0,0000"",""0,0"",null-224"
"Joan Martínez,"""","""","""","""","""","""","""","""","""","""","""",4aihdtm9m5evl5ohlx54ccs9g,"""",efid59wgpvy2fcjmockkh1fkk,efid59wgpvy2fcjmockkh1fkk,""2652000"",efid59wgpvy2fcjmockkh1fkk:1117,""1117"",""145"","""",""1"",""84"",""3"",Tackle,""2"",""2758"",""8"",""37"",RM2,3kibouup3gxwnnxp3vhz83af7,""3022"",Real Madrid II,Real Madrid II,RM2,Real Madrid II,#0066FF,""3022"",2026-09-05,Real Madrid II,Juventud Torremolinos,""1"",""0"",RM2,RM2,3kibouup3gxwnnxp3vhz83af7,""3022"",JVT,1ns4wmqvdyif7lfkwmfv6i4np,""19965"",""0"",""1"",""2"",""0"",""2"",""0"",""2"",""45"",2026-09-05 10:00:00,W 2-0,1-0,""0,00"",""0,0000"",""0,0"",null-224"
","""","""","""","""","""","""","""","""","""","""","""","""","""",efid59wgpvy2fcjmockkh1fkk,efid59wgpvy2fcjmockkh1fkk,""2652000"",efid59wgpvy2fcjmockkh1fkk:1138,""1138"",""148"","""",""1"",""86"",""5"",BallRecovery,""2"",""2827"",""0"",""0"",RM2,3kibouup3gxwnnxp3vhz83af7,""3022"",Real Madrid II,Real Madrid II,RM2,Real Madrid II,#0066FF,""3022"",2026-09-05,Real Madrid II,Juventud Torremolinos,""1"",""0"",RM2,RM2,3kibouup3gxwnnxp3vhz83af7,""3022"",JVT,1ns4wmqvdyif7lfkwmfv6i4np,""19965"",""0"",""1"",""2"",""0"",""2"",""0"",""2"",""45"",2026-09-05 10:00:00,W 2-0,1-0,""0,00"",""0,0000"",""0,0"",null-224"
"Roberto Martín,"""","""","""","""","""","""","""","""","""","""","""",9b2viksiavag66sxdw7n45qms,"""",efid59wgpvy2fcjmockkh1fkk,efid59wgpvy2fcjmockkh1fkk,""2652000"",efid59wgpvy2fcjmockkh1fkk:1157,""1157"",""151"","""",""1"",""88"",""7"",Interception,""2"",""2877"",""0"",""0"",RM2,3kibouup3gxwnnxp3vhz83af7,""3022"",Real Madrid II,Real Madrid II,RM2,Real Madrid II,#0066FF,""3022"",2026-09-05,Real Madrid II,Juventud Torremolinos,""1"",""0"",RM2,RM2,3kibouup3gxwnnxp3vhz83af7,""3022"",JVT,1ns4wmqvdyif7lfkwmfv6i4np,""19965"",""0"",""1"",""2"",""0"",""2"",""0"",""2"",""45"",2026-09-05 10:00:00,W 2-0,1-0,""0,00"",""0,0000"",""0,0"",null-224"
"Mario Rivas,"""","""","""","""","""","""","""","""","""","""","""",974pgl5fo69ks8qsv1oorx8us,"""",efid59wgpvy2fcjmockkh1fkk,efid59wgpvy2fcjmockkh1fkk,""2652000"",efid59wgpvy2fcjmockkh1fkk:1169,""1169"","""","""","""","""","""",Clearance,""2"",""2893"","""","""",RM2,3kibouup3gxwnnxp3vhz83af7,""3022"",Real Madrid II,Real Madrid II,RM2,Real Madrid II,#0066FF,""3022"",2026-09-05,Real Madrid II,Juventud Torremolinos,""1"",""0"",RM2,RM2,3kibouup3gxwnnxp3vhz83af7,""3022"",JVT,1ns4wmqvdyif7lfkwmfv6i4np,""19965"",""0"",""1"",""2"",""0"",""2"",""0"",""2"",""45"",2026-09-05 10:00:00,W 2-0,1-0,""0,00"",""0,0000"",""0,0"",null-224"
","""","""","""","""","""","""","""","""","""","""","""","""","""",efid59wgpvy2fcjmockkh1fkk,efid59wgpvy2fcjmockkh1fkk,""2652000"",efid59wgpvy2fcjmockkh1fkk:1177,""1177"",""155"","""",""1"",""92"",""11"",BallRecovery,""2"",""2902"",""5"",""5"",RM2,3kibouup3gxwnnxp3vhz83af7,""3022"",Real Madrid II,Real Madrid II,RM2,Real Madrid II,#0066FF,""3022"",2026-09-05,Real Madrid II,Juventud Torremolinos,""1"",""0"",RM2,RM2,3kibouup3gxwnnxp3vhz83af7,""3022"",JVT,1ns4wmqvdyif7lfkwmfv6i4np,""19965"",""0"",""1"",""2"",""0"",""2"",""0"",""2"",""45"",2026-09-05 10:00:00,W 2-0,1-0,""0,00"",""0,0000"",""0,0"",null-224"
"O. Naasei,"""","""","""","""","""","""","""","""","""","""","""",9z86sxoh0lek4g80lvvhxivpw,"""",efid59wgpvy2fcjmockkh1fkk,efid59wgpvy2fcjmockkh1fkk,""2652000"",efid59wgpvy2fcjmockkh1fkk:1198,""1198"","""","""","""","""","""",Clearance,""2"",""2950"","""","""",RM2,3kibouup3gxwnnxp3vhz83af7,""3022"",Real Madrid II,Real Madrid II,RM2,Real Madrid II,#0066FF,""3022"",2026-09-05,Real Madrid II,Juventud Torremolinos,""1"",""0"",RM2,RM2,3kibouup3gxwnnxp3vhz83af7,""3022"",JVT,1ns4wmqvdyif7lfkwmfv6i4np,""19965"",""0"",""1"",""2"",""0"",""2"",""0"",""2"",""45"",2026-09-05 10:00:00,W 2-0,1-0,""0,00"",""0,0000"",""0,0"",null-224"
","""","""","""","""","""","""","""","""","""","""","""","""","""",efid59wgpvy2fcjmockkh1fkk,efid59wgpvy2fcjmockkh1fkk,""2652000"",efid59wgpvy2fcjmockkh1fkk:1212,""1212"",""159"","""",""1"",""94"",""13"",BallRecovery,""2"",""2982"",""11"",""19"",RM2,3kibouup3gxwnnxp3vhz83af7,""3022"",Real Madrid II,Real Madrid II,RM2,Real Madrid II,#0066FF,""3022"",2026-09-05,Real Madrid II,Juventud Torremolinos,""1"",""0"",RM2,RM2,3kibouup3gxwnnxp3vhz83af7,""3022"",JVT,1ns4wmqvdyif7lfkwmfv6i4np,""19965"",""0"",""1"",""2"",""0"",""2"",""0"",""2"",""45"",2026-09-05 10:00:00,W 2-0,1-0,""0,00"",""0,0000"",""0,0"",null-224"
"Álvaro Lezcano,"""","""","""","""","""","""","""","""","""","""","""",4l0vkva7e7yjdpqi7zh1qfeok,"""",efid59wgpvy2fcjmockkh1fkk,efid59wgpvy2fcjmockkh1fkk,""2652000"",efid59wgpvy2fcjmockkh1fkk:1262,""1262"","""","""","""","""","""",BlockedPass,""2"",""3105"","""","""",RM2,3kibouup3gxwnnxp3vhz83af7,""3022"",Real Madrid II,Real Madrid II,RM2,Real Madrid II,#0066FF,""3022"",2026-09-05,Real Madrid II,Juventud Torremolinos,""1"",""0"",RM2,RM2,3kibouup3gxwnnxp3vhz83af7,""3022"",JVT,1ns4wmqvdyif7lfkwmfv6i4np,""19965"",""0"",""1"",""2"",""0"",""2"",""0"",""2"",""45"",2026-09-05 10:00:00,W 2-0,1-0,""0,00"",""0,0000"",""0,0"",null-224"
","""","""","""","""","""","""","""","""","""","""","""","""","""",efid59wgpvy2fcjmockkh1fkk,efid59wgpvy2fcjmockkh1fkk,""2652000"",efid59wgpvy2fcjmockkh1fkk:1270,""1270"",""168"","""",""1"",""98"",""17"",Aerial,""2"",""3124"",""5"",""57"",RM2,3kibouup3gxwnnxp3vhz83af7,""3022"",Real Madrid II,Real Madrid II,RM2,Real Madrid II,#0066FF,""3022"",2026-09-05,Real Madrid II,Juventud Torremolinos,""1"",""0"",RM2,RM2,3kibouup3gxwnnxp3vhz83af7,""3022"",JVT,1ns4wmqvdyif7lfkwmfv6i4np,""19965"",""0"",""1"",""2"",""0"",""2"",""0"",""2"",""45"",2026-09-05 10:00:00,W 2-0,1-0,""0,00"",""0,0000"",""0,0"",null-224"
","""","""","""","""","""","""","""","""","""","""","""","""","""",efid59wgpvy2fcjmockkh1fkk,efid59wgpvy2fcjmockkh1fkk,""2652000"",efid59wgpvy2fcjmockkh1fkk:1273,""1273"",""168"","""",""3"",""98"",""17"",BallRecovery,""2"",""3126"",""5"",""57"",RM2,3kibouup3gxwnnxp3vhz83af7,""3022"",Real Madrid II,Real Madrid II,RM2,Real Madrid II,#0066FF,""3022"",2026-09-05,Real Madrid II,Juventud Torremolinos,""1"",""0"",RM2,RM2,3kibouup3gxwnnxp3vhz83af7,""3022"",JVT,1ns4wmqvdyif7lfkwmfv6i4np,""19965"",""0"",""1"",""2"",""0"",""2"",""0"",""2"",""45"",2026-09-05 10:00:00,W 2-0,1-0,""0,00"",""0,0000"",""0,0"",null-224"
"Álvaro Lezcano,"""","""","""","""","""","""","""","""","""","""","""",4l0vkva7e7yjdpqi7zh1qfeok,"""",efid59wgpvy2fcjmockkh1fkk,efid59wgpvy2fcjmockkh1fkk,""2652000"",efid59wgpvy2fcjmockkh1fkk:1302,""1302"","""","""","""","""","""",Clearance,""2"",""3247"","""","""",RM2,3kibouup3gxwnnxp3vhz83af7,""3022"",Real Madrid II,Real Madrid II,RM2,Real Madrid II,#0066FF,""3022"",2026-09-05,Real Madrid II,Juventud Torremolinos,""1"",""0"",RM2,RM2,3kibouup3gxwnnxp3vhz83af7,""3022"",JVT,1ns4wmqvdyif7lfkwmfv6i4np,""19965"",""0"",""1"",""2"",""0"",""2"",""0"",""2"",""45"",2026-09-05 10:00:00,W 2-0,1-0,""0,00"",""0,0000"",""0,0"",null-224"
"Mario Rivas,"""","""","""","""","""","""","""","""","""","""","""",974pgl5fo69ks8qsv1oorx8us,"""",efid59wgpvy2fcjmockkh1fkk,efid59wgpvy2fcjmockkh1fkk,""2652000"",efid59wgpvy2fcjmockkh1fkk:1348,""1348"","""","""","""","""","""",Clearance,""2"",""3358"","""","""",RM2,3kibouup3gxwnnxp3vhz83af7,""3022"",Real Madrid II,Real Madrid II,RM2,Real Madrid II,#0066FF,""3022"",2026-09-05,Real Madrid II,Juventud Torremolinos,""1"",""0"",RM2,RM2,3kibouup3gxwnnxp3vhz83af7,""3022"",JVT,1ns4wmqvdyif7lfkwmfv6i4np,""19965"",""0"",""1"",""2"",""0"",""2"",""0"",""2"",""45"",2026-09-05 10:00:00,W 2-0,1-0,""0,00"",""0,0000"",""0,0"",null-224"
","""","""","""","""","""","""","""","""","""","""","""","""","""",efid59wgpvy2fcjmockkh1fkk,efid59wgpvy2fcjmockkh1fkk,""2652000"",efid59wgpvy2fcjmockkh1fkk:1353,""1353"","""","""","""","""","""",Aerial,""2"",""3368"","""","""",RM2,3kibouup3gxwnnxp3vhz83af7,""3022"",Real Madrid II,Real Madrid II,RM2,Real Madrid II,#0066FF,""3022"",2026-09-05,Real Madrid II,Juventud Torremolinos,""1"",""0"",RM2,RM2,3kibouup3gxwnnxp3vhz83af7,""3022"",JVT,1ns4wmqvdyif7lfkwmfv6i4np,""19965"",""0"",""1"",""2"",""0"",""2"",""0"",""2"",""45"",2026-09-05 10:00:00,W 2-0,1-0,""0,00"",""0,0000"",""0,0"",null-224"
"Álvaro Lezcano,"""","""","""","""","""","""","""","""","""","""","""",4l0vkva7e7yjdpqi7zh1qfeok,"""",efid59wgpvy2fcjmockkh1fkk,efid59wgpvy2fcjmockkh1fkk,""2652000"",efid59wgpvy2fcjmockkh1fkk:1381,""1381"","""","""","""","""","""",Clearance,""2"",""3439"","""","""",RM2,3kibouup3gxwnnxp3vhz83af7,""3022"",Real Madrid II,Real Madrid II,RM2,Real Madrid II,#0066FF,""3022"",2026-09-05,Real Madrid II,Juventud Torremolinos,""1"",""0"",RM2,RM2,3kibouup3gxwnnxp3vhz83af7,""3022"",JVT,1ns4wmqvdyif7lfkwmfv6i4np,""19965"",""0"",""1"",""2"",""0"",""2"",""0"",""2"",""45"",2026-09-05 10:00:00,W 2-0,1-0,""0,00"",""0,0000"",""0,0"",null-224"
"Roberto Martín,"""","""","""","""","""","""","""","""","""","""","""",9b2viksiavag66sxdw7n45qms,"""",efid59wgpvy2fcjmockkh1fkk,efid59wgpvy2fcjmockkh1fkk,""2652000"",efid59wgpvy2fcjmockkh1fkk:1388,""1388"","""","""","""","""","""",Clearance,""2"",""3475"","""","""",RM2,3kibouup3gxwnnxp3vhz83af7,""3022"",Real Madrid II,Real Madrid II,RM2,Real Madrid II,#0066FF,""3022"",2026-09-05,Real Madrid II,Juventud Torremolinos,""1"",""0"",RM2,RM2,3kibouup3gxwnnxp3vhz83af7,""3022"",JVT,1ns4wmqvdyif7lfkwmfv6i4np,""19965"",""0"",""1"",""2"",""0"",""2"",""0"",""2"",""45"",2026-09-05 10:00:00,W 2-0,1-0,""0,00"",""0,0000"",""0,0"",null-224"
","""","""","""","""","""","""","""","""","""","""","""","""","""",efid59wgpvy2fcjmockkh1fkk,efid59wgpvy2fcjmockkh1fkk,""2652000"",efid59wgpvy2fcjmockkh1fkk:1399,""1399"","""","""","""","""","""",Challenge,""2"",""3514"","""","""",RM2,3kibouup3gxwnnxp3vhz83af7,""3022"",Real Madrid II,Real Madrid II,RM2,Real Madrid II,#0066FF,""3022"",2026-09-05,Real Madrid II,Juventud Torremolinos,""1"",""0"",RM2,RM2,3kibouup3gxwnnxp3vhz83af7,""3022"",JVT,1ns4wmqvdyif7lfkwmfv6i4np,""19965"",""0"",""1"",""2"",""0"",""2"",""0"",""2"",""45"",2026-09-05 10:00:00,W 2-0,1-0,""0,00"",""0,0000"",""0,0"",null-224"
","""","""","""","""","""","""","""","""","""","""","""","""","""",efid59wgpvy2fcjmockkh1fkk,efid59wgpvy2fcjmockkh1fkk,""2652000"",efid59wgpvy2fcjmockkh1fkk:1455,""1455"","""","""","""",""110"",""29"",Aerial,""2"",""3685"","""",""135"",RM2,3kibouup3gxwnnxp3vhz83af7,""3022"",Real Madrid II,Real Madrid II,RM2,Real Madrid II,#0066FF,""3022"",2026-09-05,Real Madrid II,Juventud Torremolinos,""1"",""0"",RM2,RM2,3kibouup3gxwnnxp3vhz83af7,""3022"",JVT,1ns4wmqvdyif7lfkwmfv6i4np,""19965"",""0"",""1"",""2"",""0"",""2"",""0"",""2"",""45"",2026-09-05 10:00:00,W 2-0,1-0,""0,00"",""0,0000"",""0,0"",null-224"
","""","""","""","""","""","""","""","""","""","""","""","""","""",efid59wgpvy2fcjmockkh1fkk,efid59wgpvy2fcjmockkh1fkk,""2652000"",efid59wgpvy2fcjmockkh1fkk:1484,""1484"","""","""","""","""","""",Shield,""2"",""3837"","""","""",RM2,3kibouup3gxwnnxp3vhz83af7,""3022"",Real Madrid II,Real Madrid II,RM2,Real Madrid II,#0066FF,""3022"",2026-09-05,Real Madrid II,Juventud Torremolinos,""1"",""0"",RM2,RM2,3kibouup3gxwnnxp3vhz83af7,""3022"",JVT,1ns4wmqvdyif7lfkwmfv6i4np,""19965"",""0"",""1"",""2"",""0"",""2"",""0"",""2"",""45"",2026-09-05 10:00:00,W 2-0,1-0,""0,00"",""0,0000"",""0,0"",null-224"
","""","""","""","""","""","""","""","""","""","""","""","""","""",efid59wgpvy2fcjmockkh1fkk,efid59wgpvy2fcjmockkh1fkk,""2652000"",efid59wgpvy2fcjmockkh1fkk:1492,""1492"","""","""","""",""112"",""31"",Aerial,""2"",""3855"","""",""26"",RM2,3kibouup3gxwnnxp3vhz83af7,""3022"",Real Madrid II,Real Madrid II,RM2,Real Madrid II,#0066FF,""3022"",2026-09-05,Real Madrid II,Juventud Torremolinos,""1"",""0"",RM2,RM2,3kibouup3gxwnnxp3vhz83af7,""3022"",JVT,1ns4wmqvdyif7lfkwmfv6i4np,""19965"",""0"",""1"",""2"",""0"",""2"",""0"",""2"",""45"",2026-09-05 10:00:00,W 2-0,1-0,""0,00"",""0,0000"",""0,0"",null-224"
"O. Naasei,"""","""","""","""","""","""","""","""","""","""","""",9z86sxoh0lek4g80lvvhxivpw,"""",efid59wgpvy2fcjmockkh1fkk,efid59wgpvy2fcjmockkh1fkk,""2652000"",efid59wgpvy2fcjmockkh1fkk:1509,""1509"",""196"","""",""1"",""114"",""33"",BlockedPass,""2"",""3882"",""9"",""9"",RM2,3kibouup3gxwnnxp3vhz83af7,""3022"",Real Madrid II,Real Madrid II,RM2,Real Madrid II,#0066FF,""3022"",2026-09-05,Real Madrid II,Juventud Torremolinos,""1"",""0"",RM2,RM2,3kibouup3gxwnnxp3vhz83af7,""3022"",JVT,1ns4wmqvdyif7lfkwmfv6i4np,""19965"",""0"",""1"",""2"",""0"",""2"",""0"",""2"",""45"",2026-09-05 10:00:00,W 2-0,1-0,""0,00"",""0,0000"",""0,0"",null-224"
","""","""","""","""","""","""","""","""","""","""","""","""","""",efid59wgpvy2fcjmockkh1fkk,efid59wgpvy2fcjmockkh1fkk,""2652000"",efid59wgpvy2fcjmockkh1fkk:1510,""1510"",""196"","""",""2"",""114"",""33"",BallRecovery,""2"",""3885"",""9"",""9"",RM2,3kibouup3gxwnnxp3vhz83af7,""3022"",Real Madrid II,Real Madrid II,RM2,Real Madrid II,#0066FF,""3022"",2026-09-05,Real Madrid II,Juventud Torremolinos,""1"",""0"",RM2,RM2,3kibouup3gxwnnxp3vhz83af7,""3022"",JVT,1ns4wmqvdyif7lfkwmfv6i4np,""19965"",""0"",""1"",""2"",""0"",""2"",""0"",""2"",""45"",2026-09-05 10:00:00,W 2-0,1-0,""0,00"",""0,0000"",""0,0"",null-224"
"Álvaro Lezcano,"""","""","""","""","""","""","""","""","""","""","""",4l0vkva7e7yjdpqi7zh1qfeok,"""",efid59wgpvy2fcjmockkh1fkk,efid59wgpvy2fcjmockkh1fkk,""2652000"",efid59wgpvy2fcjmockkh1fkk:1526,""1526"","""","""","""","""","""",Clearance,""2"",""3951"","""","""",RM2,3kibouup3gxwnnxp3vhz83af7,""3022"",Real Madrid II,Real Madrid II,RM2,Real Madrid II,#0066FF,""3022"",2026-09-05,Real Madrid II,Juventud Torremolinos,""1"",""0"",RM2,RM2,3kibouup3gxwnnxp3vhz83af7,""3022"",JVT,1ns4wmqvdyif7lfkwmfv6i4np,""19965"",""0"",""1"",""2"",""0"",""2"",""0"",""2"",""45"",2026-09-05 10:00:00,W 2-0,1-0,""0,00"",""0,0000"",""0,0"",null-224"
","""","""","""","""","""","""","""","""","""","""","""","""","""",efid59wgpvy2fcjmockkh1fkk,efid59wgpvy2fcjmockkh1fkk,""2652000"",efid59wgpvy2fcjmockkh1fkk:1555,""1555"",""201"","""",""2"",""118"",""37"",BallRecovery,""2"",""4026"",""41"",""41"",RM2,3kibouup3gxwnnxp3vhz83af7,""3022"",Real Madrid II,Real Madrid II,RM2,Real Madrid II,#0066FF,""3022"",2026-09-05,Real Madrid II,Juventud Torremolinos,""1"",""0"",RM2,RM2,3kibouup3gxwnnxp3vhz83af7,""3022"",JVT,1ns4wmqvdyif7lfkwmfv6i4np,""19965"",""0"",""1"",""2"",""0"",""2"",""0"",""2"",""45"",2026-09-05 10:00:00,W 2-0,1-0,""0,00"",""0,0000"",""0,0"",null-224"
","""","""","""","""","""","""","""","""","""","""","""","""","""",efid59wgpvy2fcjmockkh1fkk,efid59wgpvy2fcjmockkh1fkk,""2652000"",efid59wgpvy2fcjmockkh1fkk:1577,""1577"",""203"","""",""2"",""120"",""39"",BallRecovery,""2"",""4095"",""5"",""5"",RM2,3kibouup3gxwnnxp3vhz83af7,""3022"",Real Madrid II,Real Madrid II,RM2,Real Madrid II,#0066FF,""3022"",2026-09-05,Real Madrid II,Juventud Torremolinos,""1"",""0"",RM2,RM2,3kibouup3gxwnnxp3vhz83af7,""3022"",JVT,1ns4wmqvdyif7lfkwmfv6i4np,""19965"",""0"",""1"",""2"",""0"",""2"",""0"",""2"",""45"",2026-09-05 10:00:00,W 2-0,1-0,""0,00"",""0,0000"",""0,0"",null-224"
","""","""","""","""","""","""","""","""","""","""","""","""","""",efid59wgpvy2fcjmockkh1fkk,efid59wgpvy2fcjmockkh1fkk,""2652000"",efid59wgpvy2fcjmockkh1fkk:1596,""1596"","""","""","""","""","""",Challenge,""2"",""4115"","""","""",RM2,3kibouup3gxwnnxp3vhz83af7,""3022"",Real Madrid II,Real Madrid II,RM2,Real Madrid II,#0066FF,""3022"",2026-09-05,Real Madrid II,Juventud Torremolinos,""1"",""0"",RM2,RM2,3kibouup3gxwnnxp3vhz83af7,""3022"",JVT,1ns4wmqvdyif7lfkwmfv6i4np,""19965"",""0"",""1"",""2"",""0"",""2"",""0"",""2"",""45"",2026-09-05 10:00:00,W 2-0,1-0,""0,00"",""0,0000"",""0,0"",null-224"
","""","""","""","""","""","""","""","""","""","""","""","""","""",efid59wgpvy2fcjmockkh1fkk,efid59wgpvy2fcjmockkh1fkk,""2652000"",efid59wgpvy2fcjmockkh1fkk:1602,""1602"",""207"","""",""2"",""124"",""43"",BallRecovery,""2"",""4122"",""5"",""47"",RM2,3kibouup3gxwnnxp3vhz83af7,""3022"",Real Madrid II,Real Madrid II,RM2,Real Madrid II,#0066FF,""3022"",2026-09-05,Real Madrid II,Juventud Torremolinos,""1"",""0"",RM2,RM2,3kibouup3gxwnnxp3vhz83af7,""3022"",JVT,1ns4wmqvdyif7lfkwmfv6i4np,""19965"",""0"",""1"",""2"",""0"",""2"",""0"",""2"",""45"",2026-09-05 10:00:00,W 2-0,1-0,""0,00"",""0,0000"",""0,0"",null-224"
","""","""","""","""","""","""","""","""","""","""","""","""","""",efid59wgpvy2fcjmockkh1fkk,efid59wgpvy2fcjmockkh1fkk,""2652000"",efid59wgpvy2fcjmockkh1fkk:1644,""1644"","""","""","""","""","""",Sweeper,""2"",""4237"","""","""",RM2,3kibouup3gxwnnxp3vhz83af7,""3022"",Real Madrid II,Real Madrid II,RM2,Real Madrid II,#0066FF,""3022"",2026-09-05,Real Madrid II,Juventud Torremolinos,""1"",""0"",RM2,RM2,3kibouup3gxwnnxp3vhz83af7,""3022"",JVT,1ns4wmqvdyif7lfkwmfv6i4np,""19965"",""0"",""1"",""2"",""0"",""2"",""0"",""2"",""45"",2026-09-05 10:00:00,W 2-0,1-0,""0,00"",""0,0000"",""0,0"",null-224"
"Sergio Mestre,"""","""","""","""","""","""","""","""","""","""","""",3krfyio6dlb6gkoggsmqwkj6c,"""",efid59wgpvy2fcjmockkh1fkk,efid59wgpvy2fcjmockkh1fkk,""2652000"",efid59wgpvy2fcjmockkh1fkk:1645,""1645"","""","""","""","""","""",Clearance,""2"",""4238"","""","""",RM2,3kibouup3gxwnnxp3vhz83af7,""3022"",Real Madrid II,Real Madrid II,RM2,Real Madrid II,#0066FF,""3022"",2026-09-05,Real Madrid II,Juventud Torremolinos,""1"",""0"",RM2,RM2,3kibouup3gxwnnxp3vhz83af7,""3022"",JVT,1ns4wmqvdyif7lfkwmfv6i4np,""19965"",""0"",""1"",""2"",""0"",""2"",""0"",""2"",""45"",2026-09-05 10:00:00,W 2-0,1-0,""0,00"",""0,0000"",""0,0"",null-224"
"Mario Rivas,"""","""","""","""","""","""","""","""","""","""","""",974pgl5fo69ks8qsv1oorx8us,"""",efid59wgpvy2fcjmockkh1fkk,efid59wgpvy2fcjmockkh1fkk,""2652000"",efid59wgpvy2fcjmockkh1fkk:1652,""1652"","""","""","""","""","""",Clearance,""2"",""4263"","""","""",RM2,3kibouup3gxwnnxp3vhz83af7,""3022"",Real Madrid II,Real Madrid II,RM2,Real Madrid II,#0066FF,""3022"",2026-09-05,Real Madrid II,Juventud Torremolinos,""1"",""0"",RM2,RM2,3kibouup3gxwnnxp3vhz83af7,""3022"",JVT,1ns4wmqvdyif7lfkwmfv6i4np,""19965"",""0"",""1"",""2"",""0"",""2"",""0"",""2"",""45"",2026-09-05 10:00:00,W 2-0,1-0,""0,00"",""0,0000"",""0,0"",null-224"
","""","""","""","""","""","""","""","""","""","""","""","""","""",efid59wgpvy2fcjmockkh1fkk,efid59wgpvy2fcjmockkh1fkk,""2652000"",efid59wgpvy2fcjmockkh1fkk:1675,""1675"",""218"","""",""1"",""130"",""49"",BallRecovery,""2"",""4368"",""19"",""19"",RM2,3kibouup3gxwnnxp3vhz83af7,""3022"",Real Madrid II,Real Madrid II,RM2,Real Madrid II,#0066FF,""3022"",2026-09-05,Real Madrid II,Juventud Torremolinos,""1"",""0"",RM2,RM2,3kibouup3gxwnnxp3vhz83af7,""3022"",JVT,1ns4wmqvdyif7lfkwmfv6i4np,""19965"",""0"",""1"",""2"",""0"",""2"",""0"",""2"",""45"",2026-09-05 10:00:00,W 2-0,1-0,""0,00"",""0,0000"",""0,0"",null-224"
"Sergio Martínez,"""","""","""","""","""","""","""","""","""","""","""",47ry2872euav99idwipg2a49g,"""",efid59wgpvy2fcjmockkh1fkk,efid59wgpvy2fcjmockkh1fkk,""2652000"",efid59wgpvy2fcjmockkh1fkk:1699,""1699"",""220"","""",""1"",""132"",""51"",Interception,""2"",""4420"",""8"",""8"",RM2,3kibouup3gxwnnxp3vhz83af7,""3022"",Real Madrid II,Real Madrid II,RM2,Real Madrid II,#0066FF,""3022"",2026-09-05,Real Madrid II,Juventud Torremolinos,""1"",""0"",RM2,RM2,3kibouup3gxwnnxp3vhz83af7,""3022"",JVT,1ns4wmqvdyif7lfkwmfv6i4np,""19965"",""0"",""1"",""2"",""0"",""2"",""0"",""2"",""45"",2026-09-05 10:00:00,W 2-0,1-0,""0,00"",""0,0000"",""0,0"",null-224"
","""","""","""","""","""","""","""","""","""","""","""","""","""",efid59wgpvy2fcjmockkh1fkk,efid59wgpvy2fcjmockkh1fkk,""2652000"",efid59wgpvy2fcjmockkh1fkk:1704,""1704"",""220"","""",""3"",""132"",""51"",BallRecovery,""2"",""4423"",""8"",""8"",RM2,3kibouup3gxwnnxp3vhz83af7,""3022"",Real Madrid II,Real Madrid II,RM2,Real Madrid II,#0066FF,""3022"",2026-09-05,Real Madrid II,Juventud Torremolinos,""1"",""0"",RM2,RM2,3kibouup3gxwnnxp3vhz83af7,""3022"",JVT,1ns4wmqvdyif7lfkwmfv6i4np,""19965"",""0"",""1"",""2"",""0"",""2"",""0"",""2"",""45"",2026-09-05 10:00:00,W 2-0,1-0,""0,00"",""0,0000"",""0,0"",null-224"
","""","""","""","""","""","""","""","""","""","""","""","""","""",efid59wgpvy2fcjmockkh1fkk,efid59wgpvy2fcjmockkh1fkk,""2652000"",efid59wgpvy2fcjmockkh1fkk:1718,""1718"","""","""","""","""","""",Aerial,""2"",""4440"","""","""",RM2,3kibouup3gxwnnxp3vhz83af7,""3022"",Real Madrid II,Real Madrid II,RM2,Real Madrid II,#0066FF,""3022"",2026-09-05,Real Madrid II,Juventud Torremolinos,""1"",""0"",RM2,RM2,3kibouup3gxwnnxp3vhz83af7,""3022"",JVT,1ns4wmqvdyif7lfkwmfv6i4np,""19965"",""0"",""1"",""2"",""0"",""2"",""0"",""2"",""45"",2026-09-05 10:00:00,W 2-0,1-0,""0,00"",""0,0000"",""0,0"",null-224"
"Mario Rivas,"""","""","""","""","""","""","""","""","""","""","""",974pgl5fo69ks8qsv1oorx8us,"""",efid59wgpvy2fcjmockkh1fkk,efid59wgpvy2fcjmockkh1fkk,""2652000"",efid59wgpvy2fcjmockkh1fkk:1722,""1722"",""224"","""",""1"",""136"",""55"",Interception,""2"",""4440"",""53"",""60"",RM2,3kibouup3gxwnnxp3vhz83af7,""3022"",Real Madrid II,Real Madrid II,RM2,Real Madrid II,#0066FF,""3022"",2026-09-05,Real Madrid II,Juventud Torremolinos,""1"",""0"",RM2,RM2,3kibouup3gxwnnxp3vhz83af7,""3022"",JVT,1ns4wmqvdyif7lfkwmfv6i4np,""19965"",""0"",""1"",""2"",""0"",""2"",""0"",""2"",""45"",2026-09-05 10:00:00,W 2-0,1-0,""0,00"",""0,0000"",""0,0"",null-224"
","""","""","""","""","""","""","""","""","""","""","""","""","""",efid59wgpvy2fcjmockkh1fkk,efid59wgpvy2fcjmockkh1fkk,""2652000"",efid59wgpvy2fcjmockkh1fkk:1723,""1723"",""224"","""",""2"",""136"",""55"",BallRecovery,""2"",""4442"",""53"",""60"",RM2,3kibouup3gxwnnxp3vhz83af7,""3022"",Real Madrid II,Real Madrid II,RM2,Real Madrid II,#0066FF,""3022"",2026-09-05,Real Madrid II,Juventud Torremolinos,""1"",""0"",RM2,RM2,3kibouup3gxwnnxp3vhz83af7,""3022"",JVT,1ns4wmqvdyif7lfkwmfv6i4np,""19965"",""0"",""1"",""2"",""0"",""2"",""0"",""2"",""45"",2026-09-05 10:00:00,W 2-0,1-0,""0,00"",""0,0000"",""0,0"",null-224"
"Mario Rivas,"""","""","""","""","""","""","""","""","""","""","""",974pgl5fo69ks8qsv1oorx8us,"""",efid59wgpvy2fcjmockkh1fkk,efid59wgpvy2fcjmockkh1fkk,""2652000"",efid59wgpvy2fcjmockkh1fkk:1768,""1768"","""","""","""","""","""",Clearance,""2"",""4699"","""","""",RM2,3kibouup3gxwnnxp3vhz83af7,""3022"",Real Madrid II,Real Madrid II,RM2,Real Madrid II,#0066FF,""3022"",2026-09-05,Real Madrid II,Juventud Torremolinos,""1"",""0"",RM2,RM2,3kibouup3gxwnnxp3vhz83af7,""3022"",JVT,1ns4wmqvdyif7lfkwmfv6i4np,""19965"",""0"",""1"",""2"",""0"",""2"",""0"",""2"",""45"",2026-09-05 10:00:00,W 2-0,1-0,""0,00"",""0,0000"",""0,0"",null-224"
"Joan Martínez,"""","""","""","""","""","""","""","""","""","""","""",4aihdtm9m5evl5ohlx54ccs9g,"""",efid59wgpvy2fcjmockkh1fkk,efid59wgpvy2fcjmockkh1fkk,""2652000"",efid59wgpvy2fcjmockkh1fkk:1852,""1852"","""","""","""","""","""",Clearance,""2"",""4952"","""","""",RM2,3kibouup3gxwnnxp3vhz83af7,""3022"",Real Madrid II,Real Madrid II,RM2,Real Madrid II,#0066FF,""3022"",2026-09-05,Real Madrid II,Juventud Torremolinos,""1"",""0"",RM2,RM2,3kibouup3gxwnnxp3vhz83af7,""3022"",JVT,1ns4wmqvdyif7lfkwmfv6i4np,""19965"",""0"",""1"",""2"",""0"",""2"",""0"",""2"",""45"",2026-09-05 10:00:00,W 2-0,1-0,""0,00"",""0,0000"",""0,0"",null-224"
","""","""","""","""","""","""","""","""","""","""","""","""","""",efid59wgpvy2fcjmockkh1fkk,efid59wgpvy2fcjmockkh1fkk,""2652000"",efid59wgpvy2fcjmockkh1fkk:1867,""1867"","""","""","""",""144"",""63"",Aerial,""2"",""5001"","""",""38"",RM2,3kibouup3gxwnnxp3vhz83af7,""3022"",Real Madrid II,Real Madrid II,RM2,Real Madrid II,#0066FF,""3022"",2026-09-05,Real Madrid II,Juventud Torremolinos,""1"",""0"",RM2,RM2,3kibouup3gxwnnxp3vhz83af7,""3022"",JVT,1ns4wmqvdyif7lfkwmfv6i4np,""19965"",""0"",""1"",""2"",""0"",""2"",""0"",""2"",""45"",2026-09-05 10:00:00,W 2-0,1-0,""0,00"",""0,0000"",""0,0"",null-224"
"Dani Meso,"""","""","""","""","""","""","""","""","""","""","""",buzh1oolanqmxdm3bqt1sfqxg,"""",efid59wgpvy2fcjmockkh1fkk,efid59wgpvy2fcjmockkh1fkk,""2652000"",efid59wgpvy2fcjmockkh1fkk:1891,""1891"",""247"","""",""1"",""146"",""65"",Tackle,""2"",""5039"",""9"",""9"",RM2,3kibouup3gxwnnxp3vhz83af7,""3022"",Real Madrid II,Real Madrid II,RM2,Real Madrid II,#0066FF,""3022"",2026-09-05,Real Madrid II,Juventud Torremolinos,""1"",""0"",RM2,RM2,3kibouup3gxwnnxp3vhz83af7,""3022"",JVT,1ns4wmqvdyif7lfkwmfv6i4np,""19965"",""0"",""1"",""2"",""0"",""2"",""0"",""2"",""45"",2026-09-05 10:00:00,W 2-0,1-0,""0,00"",""0,0000"",""0,0"",null-224"
","""","""","""","""","""","""","""","""","""","""","""","""","""",efid59wgpvy2fcjmockkh1fkk,efid59wgpvy2fcjmockkh1fkk,""2652000"",efid59wgpvy2fcjmockkh1fkk:1892,""1892"",""247"","""",""2"",""146"",""65"",BallRecovery,""2"",""5041"",""9"",""9"",RM2,3kibouup3gxwnnxp3vhz83af7,""3022"",Real Madrid II,Real Madrid II,RM2,Real Madrid II,#0066FF,""3022"",2026-09-05,Real Madrid II,Juventud Torremolinos,""1"",""0"",RM2,RM2,3kibouup3gxwnnxp3vhz83af7,""3022"",JVT,1ns4wmqvdyif7lfkwmfv6i4np,""19965"",""0"",""1"",""2"",""0"",""2"",""0"",""2"",""45"",2026-09-05 10:00:00,W 2-0,1-0,""0,00"",""0,0000"",""0,0"",null-224"
"Álvaro Lezcano,"""","""","""","""","""","""","""","""","""","""","""",4l0vkva7e7yjdpqi7zh1qfeok,"""",efid59wgpvy2fcjmockkh1fkk,efid59wgpvy2fcjmockkh1fkk,""2652000"",efid59wgpvy2fcjmockkh1fkk:1909,""1909"","""","""","""","""","""",Tackle,""2"",""5152"","""","""",RM2,3kibouup3gxwnnxp3vhz83af7,""3022"",Real Madrid II,Real Madrid II,RM2,Real Madrid II,#0066FF,""3022"",2026-09-05,Real Madrid II,Juventud Torremolinos,""2"",""0"",RM2,RM2,3kibouup3gxwnnxp3vhz83af7,""3022"",JVT,1ns4wmqvdyif7lfkwmfv6i4np,""19965"",""0"",""2"",""2"",""0"",""2"",""0"",""2"",""45"",2026-09-05 10:00:00,W 2-0,2-0,""0,00"",""0,0000"",""0,0"",null-224"
"Mario Rivas,"""","""","""","""","""","""","""","""","""","""","""",974pgl5fo69ks8qsv1oorx8us,"""",efid59wgpvy2fcjmockkh1fkk,efid59wgpvy2fcjmockkh1fkk,""2652000"",efid59wgpvy2fcjmockkh1fkk:1910,""1910"","""","""","""","""","""",Clearance,""2"",""5153"","""","""",RM2,3kibouup3gxwnnxp3vhz83af7,""3022"",Real Madrid II,Real Madrid II,RM2,Real Madrid II,#0066FF,""3022"",2026-09-05,Real Madrid II,Juventud Torremolinos,""2"",""0"",RM2,RM2,3kibouup3gxwnnxp3vhz83af7,""3022"",JVT,1ns4wmqvdyif7lfkwmfv6i4np,""19965"",""0"",""2"",""2"",""0"",""2"",""0"",""2"",""45"",2026-09-05 10:00:00,W 2-0,2-0,""0,00"",""0,0000"",""0,0"",null-224"
","""","""","""","""","""","""","""","""","""","""","""","""","""",efid59wgpvy2fcjmockkh1fkk,efid59wgpvy2fcjmockkh1fkk,""2652000"",efid59wgpvy2fcjmockkh1fkk:1913,""1913"",""249"","""",""1"",""148"",""67"",BallRecovery,""2"",""5156"",""3"",""52"",RM2,3kibouup3gxwnnxp3vhz83af7,""3022"",Real Madrid II,Real Madrid II,RM2,Real Madrid II,#0066FF,""3022"",2026-09-05,Real Madrid II,Juventud Torremolinos,""2"",""0"",RM2,RM2,3kibouup3gxwnnxp3vhz83af7,""3022"",JVT,1ns4wmqvdyif7lfkwmfv6i4np,""19965"",""0"",""2"",""2"",""0"",""2"",""0"",""2"",""45"",2026-09-05 10:00:00,W 2-0,2-0,""0,00"",""0,0000"",""0,0"",null-224"
"Alexis Ciria,"""","""","""","""","""","""","""","""","""","""","""",df49d7ztingifxkbjs2l1hnh0,"""",efid59wgpvy2fcjmockkh1fkk,efid59wgpvy2fcjmockkh1fkk,""2652000"",efid59wgpvy2fcjmockkh1fkk:1935,""1935"","""","""","""","""","""",Tackle,""2"",""5225"","""","""",RM2,3kibouup3gxwnnxp3vhz83af7,""3022"",Real Madrid II,Real Madrid II,RM2,Real Madrid II,#0066FF,""3022"",2026-09-05,Real Madrid II,Juventud Torremolinos,""2"",""0"",RM2,RM2,3kibouup3gxwnnxp3vhz83af7,""3022"",JVT,1ns4wmqvdyif7lfkwmfv6i4np,""19965"",""0"",""2"",""2"",""0"",""2"",""0"",""2"",""45"",2026-09-05 10:00:00,W 2-0,2-0,""0,00"",""0,0000"",""0,0"",null-224"
"Manex Rezola,"""","""","""","""","""","""","""","""","""","""","""",e1kddv29vfru776svrkalmp78,"""",efid59wgpvy2fcjmockkh1fkk,efid59wgpvy2fcjmockkh1fkk,""2652000"",efid59wgpvy2fcjmockkh1fkk:1945,""1945"",""254"","""",""1"",""150"",""69"",BlockedPass,""2"",""5247"",""6"",""117"",RM2,3kibouup3gxwnnxp3vhz83af7,""3022"",Real Madrid II,Real Madrid II,RM2,Real Madrid II,#0066FF,""3022"",2026-09-05,Real Madrid II,Juventud Torremolinos,""2"",""0"",RM2,RM2,3kibouup3gxwnnxp3vhz83af7,""3022"",JVT,1ns4wmqvdyif7lfkwmfv6i4np,""19965"",""0"",""2"",""2"",""0"",""2"",""0"",""2"",""45"",2026-09-05 10:00:00,W 2-0,2-0,""0,00"",""0,0000"",""0,0"",null-224"
","""","""","""","""","""","""","""","""","""","""","""","""","""",efid59wgpvy2fcjmockkh1fkk,efid59wgpvy2fcjmockkh1fkk,""2652000"",efid59wgpvy2fcjmockkh1fkk:1946,""1946"",""254"","""",""2"",""150"",""69"",BallRecovery,""2"",""5249"",""6"",""117"",RM2,3kibouup3gxwnnxp3vhz83af7,""3022"",Real Madrid II,Real Madrid II,RM2,Real Madrid II,#0066FF,""3022"",2026-09-05,Real Madrid II,Juventud Torremolinos,""2"",""0"",RM2,RM2,3kibouup3gxwnnxp3vhz83af7,""3022"",JVT,1ns4wmqvdyif7lfkwmfv6i4np,""19965"",""0"",""2"",""2"",""0"",""2"",""0"",""2"",""45"",2026-09-05 10:00:00,W 2-0,2-0,""0,00"",""0,0000"",""0,0"",null-224"
","""","""","""","""","""","""","""","""","""","""","""","""","""",efid59wgpvy2fcjmockkh1fkk,efid59wgpvy2fcjmockkh1fkk,""2652000"",efid59wgpvy2fcjmockkh1fkk:1979,""1979"","""","""","""","""","""",Aerial,""2"",""5393"","""","""",RM2,3kibouup3gxwnnxp3vhz83af7,""3022"",Real Madrid II,Real Madrid II,RM2,Real Madrid II,#0066FF,""3022"",2026-09-05,Real Madrid II,Juventud Torremolinos,""2"",""0"",RM2,RM2,3kibouup3gxwnnxp3vhz83af7,""3022"",JVT,1ns4wmqvdyif7lfkwmfv6i4np,""19965"",""0"",""2"",""2"",""0"",""2"",""0"",""2"",""45"",2026-09-05 10:00:00,W 2-0,2-0,""0,00"",""0,0000"",""0,0"",null-224"
"Joan Martínez,"""","""","""","""","""","""","""","""","""","""","""",4aihdtm9m5evl5ohlx54ccs9g,"""",efid59wgpvy2fcjmockkh1fkk,efid59wgpvy2fcjmockkh1fkk,""2652000"",efid59wgpvy2fcjmockkh1fkk:1981,""1981"","""","""","""","""","""",Clearance,""2"",""5393"","""","""",RM2,3kibouup3gxwnnxp3vhz83af7,""3022"",Real Madrid II,Real Madrid II,RM2,Real Madrid II,#0066FF,""3022"",2026-09-05,Real Madrid II,Juventud Torremolinos,""2"",""0"",RM2,RM2,3kibouup3gxwnnxp3vhz83af7,""3022"",JVT,1ns4wmqvdyif7lfkwmfv6i4np,""19965"",""0"",""2"",""2"",""0"",""2"",""0"",""2"",""45"",2026-09-05 10:00:00,W 2-0,2-0,""0,00"",""0,0000"",""0,0"",null-224"
","""","""","""","""","""","""","""","""","""","""","""","""","""",efid59wgpvy2fcjmockkh1fkk,efid59wgpvy2fcjmockkh1fkk,""2652000"",efid59wgpvy2fcjmockkh1fkk:1994,""1994"",""262"","""",""1"",""152"",""71"",BallRecovery,""2"",""5417"",""46"",""46"",RM2,3kibouup3gxwnnxp3vhz83af7,""3022"",Real Madrid II,Real Madrid II,RM2,Real Madrid II,#0066FF,""3022"",2026-09-05,Real Madrid II,Juventud Torremolinos,""2"",""0"",RM2,RM2,3kibouup3gxwnnxp3vhz83af7,""3022"",JVT,1ns4wmqvdyif7lfkwmfv6i4np,""19965"",""0"",""2"",""2"",""0"",""2"",""0"",""2"",""45"",2026-09-05 10:00:00,W 2-0,2-0,""0,00"",""0,0000"",""0,0"",null-224"
"Alexis Ciria,"""","""","""","""","""","""","""","""","""","""","""",df49d7ztingifxkbjs2l1hnh0,"""",efid59wgpvy2fcjmockkh1fkk,efid59wgpvy2fcjmockkh1fkk,""2652000"",efid59wgpvy2fcjmockkh1fkk:2017,""2017"",""264"","""",""1"",""154"",""73"",BlockedPass,""2"",""5465"",""16"",""16"",RM2,3kibouup3gxwnnxp3vhz83af7,""3022"",Real Madrid II,Real Madrid II,RM2,Real Madrid II,#0066FF,""3022"",2026-09-05,Real Madrid II,Juventud Torremolinos,""2"",""0"",RM2,RM2,3kibouup3gxwnnxp3vhz83af7,""3022"",JVT,1ns4wmqvdyif7lfkwmfv6i4np,""19965"",""0"",""2"",""2"",""0"",""2"",""0"",""2"",""45"",2026-09-05 10:00:00,W 2-0,2-0,""0,00"",""0,0000"",""0,0"",null-224"
","""","""","""","""","""","""","""","""","""","""","""","""","""",efid59wgpvy2fcjmockkh1fkk,efid59wgpvy2fcjmockkh1fkk,""2652000"",efid59wgpvy2fcjmockkh1fkk:2034,""2034"","""","""","""","""","""",Aerial,""2"",""5552"","""","""",RM2,3kibouup3gxwnnxp3vhz83af7,""3022"",Real Madrid II,Real Madrid II,RM2,Real Madrid II,#0066FF,""3022"",2026-09-05,Real Madrid II,Juventud Torremolinos,""2"",""0"",RM2,RM2,3kibouup3gxwnnxp3vhz83af7,""3022"",JVT,1ns4wmqvdyif7lfkwmfv6i4np,""19965"",""0"",""2"",""2"",""0"",""2"",""0"",""2"",""45"",2026-09-05 10:00:00,W 2-0,2-0,""0,00"",""0,0000"",""0,0"",null-224"
"Joan Martínez,"""","""","""","""","""","""","""","""","""","""","""",4aihdtm9m5evl5ohlx54ccs9g,"""",efid59wgpvy2fcjmockkh1fkk,efid59wgpvy2fcjmockkh1fkk,""2652000"",efid59wgpvy2fcjmockkh1fkk:2036,""2036"","""","""","""","""","""",Clearance,""2"",""5553"","""","""",RM2,3kibouup3gxwnnxp3vhz83af7,""3022"",Real Madrid II,Real Madrid II,RM2,Real Madrid II,#0066FF,""3022"",2026-09-05,Real Madrid II,Juventud Torremolinos,""2"",""0"",RM2,RM2,3kibouup3gxwnnxp3vhz83af7,""3022"",JVT,1ns4wmqvdyif7lfkwmfv6i4np,""19965"",""0"",""2"",""2"",""0"",""2"",""0"",""2"",""45"",2026-09-05 10:00:00,W 2-0,2-0,""0,00"",""0,0000"",""0,0"",null-224"
"Alexis Ciria,"""","""","""","""","""","""","""","""","""","""","""",df49d7ztingifxkbjs2l1hnh0,"""",efid59wgpvy2fcjmockkh1fkk,efid59wgpvy2fcjmockkh1fkk,""2652000"",efid59wgpvy2fcjmockkh1fkk:2082,""2082"",""274"","""",""1"",""160"",""79"",BlockedPass,""2"",""5652"",""3"",""39"",RM2,3kibouup3gxwnnxp3vhz83af7,""3022"",Real Madrid II,Real Madrid II,RM2,Real Madrid II,#0066FF,""3022"",2026-09-05,Real Madrid II,Juventud Torremolinos,""2"",""0"",RM2,RM2,3kibouup3gxwnnxp3vhz83af7,""3022"",JVT,1ns4wmqvdyif7lfkwmfv6i4np,""19965"",""0"",""2"",""2"",""0"",""2"",""0"",""2"",""45"",2026-09-05 10:00:00,W 2-0,2-0,""0,00"",""0,0000"",""0,0"",null-224"
","""","""","""","""","""","""","""","""","""","""","""","""","""",efid59wgpvy2fcjmockkh1fkk,efid59wgpvy2fcjmockkh1fkk,""2652000"",efid59wgpvy2fcjmockkh1fkk:2083,""2083"",""274"","""",""2"",""160"",""79"",BallRecovery,""2"",""5655"",""3"",""39"",RM2,3kibouup3gxwnnxp3vhz83af7,""3022"",Real Madrid II,Real Madrid II,RM2,Real Madrid II,#0066FF,""3022"",2026-09-05,Real Madrid II,Juventud Torremolinos,""2"",""0"",RM2,RM2,3kibouup3gxwnnxp3vhz83af7,""3022"",JVT,1ns4wmqvdyif7lfkwmfv6i4np,""19965"",""0"",""2"",""2"",""0"",""2"",""0"",""2"",""45"",2026-09-05 10:00:00,W 2-0,2-0,""0,00"",""0,0000"",""0,0"",null-224"
"Alexis Ciria,"""","""","""","""","""","""","""","""","""","""","""",df49d7ztingifxkbjs2l1hnh0,"""",efid59wgpvy2fcjmockkh1fkk,efid59wgpvy2fcjmockkh1fkk,""2652000"",efid59wgpvy2fcjmockkh1fkk:2115,""2115"","""","""","""","""","""",Tackle,""2"",""5719"","""","""",RM2,3kibouup3gxwnnxp3vhz83af7,""3022"",Real Madrid II,Real Madrid II,RM2,Real Madrid II,#0066FF,""3022"",2026-09-05,Real Madrid II,Juventud Torremolinos,""2"",""0"",RM2,RM2,3kibouup3gxwnnxp3vhz83af7,""3022"",JVT,1ns4wmqvdyif7lfkwmfv6i4np,""19965"",""0"",""2"",""2"",""0"",""2"",""0"",""2"",""45"",2026-09-05 10:00:00,W 2-0,2-0,""0,00"",""0,0000"",""0,0"",null-224"
"Mario Rivas,"""","""","""","""","""","""","""","""","""","""","""",974pgl5fo69ks8qsv1oorx8us,"""",efid59wgpvy2fcjmockkh1fkk,efid59wgpvy2fcjmockkh1fkk,""2652000"",efid59wgpvy2fcjmockkh1fkk:2125,""2125"","""","""","""","""","""",Clearance,""2"",""5733"","""","""",RM2,3kibouup3gxwnnxp3vhz83af7,""3022"",Real Madrid II,Real Madrid II,RM2,Real Madrid II,#0066FF,""3022"",2026-09-05,Real Madrid II,Juventud Torremolinos,""2"",""0"",RM2,RM2,3kibouup3gxwnnxp3vhz83af7,""3022"",JVT,1ns4wmqvdyif7lfkwmfv6i4np,""19965"",""0"",""2"",""2"",""0"",""2"",""0"",""2"",""45"",2026-09-05 10:00:00,W 2-0,2-0,""0,00"",""0,0000"",""0,0"",null-224"
","""","""","""","""","""","""","""","""","""","""","""","""","""",efid59wgpvy2fcjmockkh1fkk,efid59wgpvy2fcjmockkh1fkk,""2652000"",efid59wgpvy2fcjmockkh1fkk:2128,""2128"",""278"","""",""1"",""162"",""81"",BallRecovery,""2"",""5736"",""4"",""4"",RM2,3kibouup3gxwnnxp3vhz83af7,""3022"",Real Madrid II,Real Madrid II,RM2,Real Madrid II,#0066FF,""3022"",2026-09-05,Real Madrid II,Juventud Torremolinos,""2"",""0"",RM2,RM2,3kibouup3gxwnnxp3vhz83af7,""3022"",JVT,1ns4wmqvdyif7lfkwmfv6i4np,""19965"",""0"",""2"",""2"",""0"",""2"",""0"",""2"",""45"",2026-09-05 10:00:00,W 2-0,2-0,""0,00"",""0,0000"",""0,0"",null-224"
","""","""","""","""","""","""","""","""","""","""","""","""","""",edhfes47w536t0ua3en656t5g,edhfes47w536t0ua3en656t5g,""2651993"",edhfes47w536t0ua3en656t5g:10,""10"",""2"","""",""1"",""2"",""2"",BallRecovery,""1"",""10"",""2"",""2"",RM2,3kibouup3gxwnnxp3vhz83af7,""3022"",Real Madrid II,Real Madrid II,RM2,Real Madrid II,#0066FF,""3022"",2026-08-31,Teruel,Real Madrid II,""0"",""0"",RM2,RM2,3kibouup3gxwnnxp3vhz83af7,""3022"",TER,ekjw1mwnbe9inyjyvwsijf890,""5756"",""0"",""0"",""0"",""0"",""0"",""0"",""2"",""45"",2026-08-31 19:15:00,T 0-0,0-0,""0,00"",""0,0000"",""0,0"",null-224"
"O. Naasei,"""","""","""","""","""","""","""","""","""","""","""",9z86sxoh0lek4g80lvvhxivpw,"""",edhfes47w536t0ua3en656t5g,edhfes47w536t0ua3en656t5g,""2651993"",edhfes47w536t0ua3en656t5g:21,""21"","""","""","""","""","""",Clearance,""1"",""25"","""","""",RM2,3kibouup3gxwnnxp3vhz83af7,""3022"",Real Madrid II,Real Madrid II,RM2,Real Madrid II,#0066FF,""3022"",2026-08-31,Teruel,Real Madrid II,""0"",""0"",RM2,RM2,3kibouup3gxwnnxp3vhz83af7,""3022"",TER,ekjw1mwnbe9inyjyvwsijf890,""5756"",""0"",""0"",""0"",""0"",""0"",""0"",""2"",""45"",2026-08-31 19:15:00,T 0-0,0-0,""0,00"",""0,0000"",""0,0"",null-224"
","""","""","""","""","""","""","""","""","""","""","""","""","""",edhfes47w536t0ua3en656t5g,edhfes47w536t0ua3en656t5g,""2651993"",edhfes47w536t0ua3en656t5g:24,""24"",""4"","""",""1"",""4"",""4"",BallRecovery,""1"",""26"",""4"",""4"",RM2,3kibouup3gxwnnxp3vhz83af7,""3022"",Real Madrid II,Real Madrid II,RM2,Real Madrid II,#0066FF,""3022"",2026-08-31,Teruel,Real Madrid II,""0"",""0"",RM2,RM2,3kibouup3gxwnnxp3vhz83af7,""3022"",TER,ekjw1mwnbe9inyjyvwsijf890,""5756"",""0"",""0"",""0"",""0"",""0"",""0"",""2"",""45"",2026-08-31 19:15:00,T 0-0,0-0,""0,00"",""0,0000"",""0,0"",null-224"
"Mario Rivas,"""","""","""","""","""","""","""","""","""","""","""",974pgl5fo69ks8qsv1oorx8us,"""",edhfes47w536t0ua3en656t5g,edhfes47w536t0ua3en656t5g,""2651993"",edhfes47w536t0ua3en656t5g:35,""35"","""","""","""","""","""",Clearance,""1"",""42"","""","""",RM2,3kibouup3gxwnnxp3vhz83af7,""3022"",Real Madrid II,Real Madrid II,RM2,Real Madrid II,#0066FF,""3022"",2026-08-31,Teruel,Real Madrid II,""0"",""0"",RM2,RM2,3kibouup3gxwnnxp3vhz83af7,""3022"",TER,ekjw1mwnbe9inyjyvwsijf890,""5756"",""0"",""0"",""0"",""0"",""0"",""0"",""2"",""45"",2026-08-31 19:15:00,T 0-0,0-0,""0,00"",""0,0000"",""0,0"",null-224"
","""","""","""","""","""","""","""","""","""","""","""","""","""",edhfes47w536t0ua3en656t5g,edhfes47w536t0ua3en656t5g,""2651993"",edhfes47w536t0ua3en656t5g:38,""38"","""","""","""","""","""",Aerial,""1"",""45"","""","""",RM2,3kibouup3gxwnnxp3vhz83af7,""3022"",Real Madrid II,Real Madrid II,RM2,Real Madrid II,#0066FF,""3022"",2026-08-31,Teruel,Real Madrid II,""0"",""0"",RM2,RM2,3kibouup3gxwnnxp3vhz83af7,""3022"",TER,ekjw1mwnbe9inyjyvwsijf890,""5756"",""0"",""0"",""0"",""0"",""0"",""0"",""2"",""45"",2026-08-31 19:15:00,T 0-0,0-0,""0,00"",""0,0000"",""0,0"",null-224"
"Diego Aguado,"""","""","""","""","""","""","""","""","""","""","""",4luj0v1ttpt61sniftg4bxrtg,"""",edhfes47w536t0ua3en656t5g,edhfes47w536t0ua3en656t5g,""2651993"",edhfes47w536t0ua3en656t5g:44,""44"","""","""","""","""","""",Save,""1"",""53"","""","""",RM2,3kibouup3gxwnnxp3vhz83af7,""3022"",Real Madrid II,Real Madrid II,RM2,Real Madrid II,#0066FF,""3022"",2026-08-31,Teruel,Real Madrid II,""0"",""0"",RM2,RM2,3kibouup3gxwnnxp3vhz83af7,""3022"",TER,ekjw1mwnbe9inyjyvwsijf890,""5756"",""0"",""0"",""0"",""0"",""0"",""0"",""2"",""45"",2026-08-31 19:15:00,T 0-0,0-0,""0,00"",""0,0000"",""0,0"",null-224"
"Jesús Fortea,"""","""","""","""","""","""","""","""","""","""","""",8knybibneen7qx8jdg9voh7v8,"""",edhfes47w536t0ua3en656t5g,edhfes47w536t0ua3en656t5g,""2651993"",edhfes47w536t0ua3en656t5g:49,""49"",""9"","""",""1"",""6"",""6"",BlockedPass,""1"",""58"",""3"",""8"",RM2,3kibouup3gxwnnxp3vhz83af7,""3022"",Real Madrid II,Real Madrid II,RM2,Real Madrid II,#0066FF,""3022"",2026-08-31,Teruel,Real Madrid II,""0"",""0"",RM2,RM2,3kibouup3gxwnnxp3vhz83af7,""3022"",TER,ekjw1mwnbe9inyjyvwsijf890,""5756"",""0"",""0"",""0"",""0"",""0"",""0"",""2"",""45"",2026-08-31 19:15:00,T 0-0,0-0,""0,00"",""0,0000"",""0,0"",null-224"
","""","""","""","""","""","""","""","""","""","""","""","""","""",edhfes47w536t0ua3en656t5g,edhfes47w536t0ua3en656t5g,""2651993"",edhfes47w536t0ua3en656t5g:50,""50"",""9"","""",""2"",""6"",""6"",BallRecovery,""1"",""59"",""3"",""8"",RM2,3kibouup3gxwnnxp3vhz83af7,""3022"",Real Madrid II,Real Madrid II,RM2,Real Madrid II,#0066FF,""3022"",2026-08-31,Teruel,Real Madrid II,""0"",""0"",RM2,RM2,3kibouup3gxwnnxp3vhz83af7,""3022"",TER,ekjw1mwnbe9inyjyvwsijf890,""5756"",""0"",""0"",""0"",""0"",""0"",""0"",""2"",""45"",2026-08-31 19:15:00,T 0-0,0-0,""0,00"",""0,0000"",""0,0"",null-224"
"Cestero,"""","""","""","""","""","""","""","""","""","""","""",ecmpznived7xp45o7bm96csno,"""",edhfes47w536t0ua3en656t5g,edhfes47w536t0ua3en656t5g,""2651993"",edhfes47w536t0ua3en656t5g:67,""67"","""","""","""","""","""",Tackle,""1"",""76"","""","""",RM2,3kibouup3gxwnnxp3vhz83af7,""3022"",Real Madrid II,Real Madrid II,RM2,Real Madrid II,#0066FF,""3022"",2026-08-31,Teruel,Real Madrid II,""0"",""0"",RM2,RM2,3kibouup3gxwnnxp3vhz83af7,""3022"",TER,ekjw1mwnbe9inyjyvwsijf890,""5756"",""0"",""0"",""0"",""0"",""0"",""0"",""2"",""45"",2026-08-31 19:15:00,T 0-0,0-0,""0,00"",""0,0000"",""0,0"",null-224"
"Pol Fortuny,"""","""","""","""","""","""","""","""","""","""","""",diwvhwul9fvsmpdwosvy8nwus,"""",edhfes47w536t0ua3en656t5g,edhfes47w536t0ua3en656t5g,""2651993"",edhfes47w536t0ua3en656t5g:71,""71"",""12"","""",""1"",""8"",""8"",Tackle,""1"",""78"",""0"",""0"",RM2,3kibouup3gxwnnxp3vhz83af7,""3022"",Real Madrid II,Real Madrid II,RM2,Real Madrid II,#0066FF,""3022"",2026-08-31,Teruel,Real Madrid II,""0"",""0"",RM2,RM2,3kibouup3gxwnnxp3vhz83af7,""3022"",TER,ekjw1mwnbe9inyjyvwsijf890,""5756"",""0"",""0"",""0"",""0"",""0"",""0"",""2"",""45"",2026-08-31 19:15:00,T 0-0,0-0,""0,00"",""0,0000"",""0,0"",null-224"
"Cestero,"""","""","""","""","""","""","""","""","""","""","""",ecmpznived7xp45o7bm96csno,"""",edhfes47w536t0ua3en656t5g,edhfes47w536t0ua3en656t5g,""2651993"",edhfes47w536t0ua3en656t5g:77,""77"","""","""","""","""","""",Save,""1"",""81"","""","""",RM2,3kibouup3gxwnnxp3vhz83af7,""3022"",Real Madrid II,Real Madrid II,RM2,Real Madrid II,#0066FF,""3022"",2026-08-31,Teruel,Real Madrid II,""0"",""0"",RM2,RM2,3kibouup3gxwnnxp3vhz83af7,""3022"",TER,ekjw1mwnbe9inyjyvwsijf890,""5756"",""0"",""0"",""0"",""0"",""0"",""0"",""2"",""45"",2026-08-31 19:15:00,T 0-0,0-0,""0,00"",""0,0000"",""0,0"",null-224"
"Mario Rivas,"""","""","""","""","""","""","""","""","""","""","""",974pgl5fo69ks8qsv1oorx8us,"""",edhfes47w536t0ua3en656t5g,edhfes47w536t0ua3en656t5g,""2651993"",edhfes47w536t0ua3en656t5g:82,""82"","""","""","""","""","""",Clearance,""1"",""120"","""","""",RM2,3kibouup3gxwnnxp3vhz83af7,""3022"",Real Madrid II,Real Madrid II,RM2,Real Madrid II,#0066FF,""3022"",2026-08-31,Teruel,Real Madrid II,""0"",""0"",RM2,RM2,3kibouup3gxwnnxp3vhz83af7,""3022"",TER,ekjw1mwnbe9inyjyvwsijf890,""5756"",""0"",""0"",""0"",""0"",""0"",""0"",""2"",""45"",2026-08-31 19:15:00,T 0-0,0-0,""0,00"",""0,0000"",""0,0"",null-224"
"O. Naasei,"""","""","""","""","""","""","""","""","""","""","""",9z86sxoh0lek4g80lvvhxivpw,"""",edhfes47w536t0ua3en656t5g,edhfes47w536t0ua3en656t5g,""2651993"",edhfes47w536t0ua3en656t5g:88,""88"","""","""","""","""","""",Save,""1"",""141"","""","""",RM2,3kibouup3gxwnnxp3vhz83af7,""3022"",Real Madrid II,Real Madrid II,RM2,Real Madrid II,#0066FF,""3022"",2026-08-31,Teruel,Real Madrid II,""0"",""0"",RM2,RM2,3kibouup3gxwnnxp3vhz83af7,""3022"",TER,ekjw1mwnbe9inyjyvwsijf890,""5756"",""0"",""0"",""0"",""0"",""0"",""0"",""2"",""45"",2026-08-31 19:15:00,T 0-0,0-0,""0,00"",""0,0000"",""0,0"",null-224"
","""","""","""","""","""","""","""","""","""","""","""","""","""",edhfes47w536t0ua3en656t5g,edhfes47w536t0ua3en656t5g,""2651993"",edhfes47w536t0ua3en656t5g:91,""91"",""16"","""",""1"",""10"",""10"",BallRecovery,""1"",""142"",""2"",""25"",RM2,3kibouup3gxwnnxp3vhz83af7,""3022"",Real Madrid II,Real Madrid II,RM2,Real Madrid II,#0066FF,""3022"",2026-08-31,Teruel,Real Madrid II,""0"",""0"",RM2,RM2,3kibouup3gxwnnxp3vhz83af7,""3022"",TER,ekjw1mwnbe9inyjyvwsijf890,""5756"",""0"",""0"",""0"",""0"",""0"",""0"",""2"",""45"",2026-08-31 19:15:00,T 0-0,0-0,""0,00"",""0,0000"",""0,0"",null-224"
","""","""","""","""","""","""","""","""","""","""","""","""","""",edhfes47w536t0ua3en656t5g,edhfes47w536t0ua3en656t5g,""2651993"",edhfes47w536t0ua3en656t5g:130,""130"",""24"","""",""2"",""16"",""16"",BallRecovery,""1"",""219"",""8"",""8"",RM2,3kibouup3gxwnnxp3vhz83af7,""3022"",Real Madrid II,Real Madrid II,RM2,Real Madrid II,#0066FF,""3022"",2026-08-31,Teruel,Real Madrid II,""0"",""0"",RM2,RM2,3kibouup3gxwnnxp3vhz83af7,""3022"",TER,ekjw1mwnbe9inyjyvwsijf890,""5756"",""0"",""0"",""0"",""0"",""0"",""0"",""2"",""45"",2026-08-31 19:15:00,T 0-0,0-0,""0,00"",""0,0000"",""0,0"",null-224"
"Jesús Fortea,"""","""","""","""","""","""","""","""","""","""","""",8knybibneen7qx8jdg9voh7v8,"""",edhfes47w536t0ua3en656t5g,edhfes47w536t0ua3en656t5g,""2651993"",edhfes47w536t0ua3en656t5g:152,""152"",""28"","""",""1"",""20"",""20"",Interception,""1"",""250"",""1"",""1"",RM2,3kibouup3gxwnnxp3vhz83af7,""3022"",Real Madrid II,Real Madrid II,RM2,Real Madrid II,#0066FF,""3022"",2026-08-31,Teruel,Real Madrid II,""0"",""0"",RM2,RM2,3kibouup3gxwnnxp3vhz83af7,""3022"",TER,ekjw1mwnbe9inyjyvwsijf890,""5756"",""0"",""0"",""0"",""0"",""0"",""0"",""2"",""45"",2026-08-31 19:15:00,T 0-0,0-0,""0,00"",""0,0000"",""0,0"",null-224"
","""","""","""","""","""","""","""","""","""","""","""","""","""",edhfes47w536t0ua3en656t5g,edhfes47w536t0ua3en656t5g,""2651993"",edhfes47w536t0ua3en656t5g:162,""162"",""30"","""",""2"",""22"",""22"",BallRecovery,""1"",""259"",""58"",""89"",RM2,3kibouup3gxwnnxp3vhz83af7,""3022"",Real Madrid II,Real Madrid II,RM2,Real Madrid II,#0066FF,""3022"",2026-08-31,Teruel,Real Madrid II,""0"",""0"",RM2,RM2,3kibouup3gxwnnxp3vhz83af7,""3022"",TER,ekjw1mwnbe9inyjyvwsijf890,""5756"",""0"",""0"",""0"",""0"",""0"",""0"",""2"",""45"",2026-08-31 19:15:00,T 0-0,0-0,""0,00"",""0,0000"",""0,0"",null-224"
"Manex Rezola,"""","""","""","""","""","""","""","""","""","""","""",e1kddv29vfru776svrkalmp78,"""",edhfes47w536t0ua3en656t5g,edhfes47w536t0ua3en656t5g,""2651993"",edhfes47w536t0ua3en656t5g:210,""210"",""34"","""",""1"",""24"",""24"",Tackle,""1"",""374"",""2"",""17"",RM2,3kibouup3gxwnnxp3vhz83af7,""3022"",Real Madrid II,Real Madrid II,RM2,Real Madrid II,#0066FF,""3022"",2026-08-31,Teruel,Real Madrid II,""0"",""0"",RM2,RM2,3kibouup3gxwnnxp3vhz83af7,""3022"",TER,ekjw1mwnbe9inyjyvwsijf890,""5756"",""0"",""0"",""0"",""0"",""0"",""0"",""2"",""45"",2026-08-31 19:15:00,T 0-0,0-0,""0,00"",""0,0000"",""0,0"",null-224"
"Mario Rivas,"""","""","""","""","""","""","""","""","""","""","""",974pgl5fo69ks8qsv1oorx8us,"""",edhfes47w536t0ua3en656t5g,edhfes47w536t0ua3en656t5g,""2651993"",edhfes47w536t0ua3en656t5g:231,""231"","""","""","""","""","""",Clearance,""1"",""441"","""","""",RM2,3kibouup3gxwnnxp3vhz83af7,""3022"",Real Madrid II,Real Madrid II,RM2,Real Madrid II,#0066FF,""3022"",2026-08-31,Teruel,Real Madrid II,""0"",""0"",RM2,RM2,3kibouup3gxwnnxp3vhz83af7,""3022"",TER,ekjw1mwnbe9inyjyvwsijf890,""5756"",""0"",""0"",""0"",""0"",""0"",""0"",""2"",""45"",2026-08-31 19:15:00,T 0-0,0-0,""0,00"",""0,0000"",""0,0"",null-224"
"Manex Rezola,"""","""","""","""","""","""","""","""","""","""","""",e1kddv29vfru776svrkalmp78,"""",edhfes47w536t0ua3en656t5g,edhfes47w536t0ua3en656t5g,""2651993"",edhfes47w536t0ua3en656t5g:290,""290"",""44"","""",""1"",""28"",""28"",Tackle,""1"",""615"",""12"",""12"",RM2,3kibouup3gxwnnxp3vhz83af7,""3022"",Real Madrid II,Real Madrid II,RM2,Real Madrid II,#0066FF,""3022"",2026-08-31,Teruel,Real Madrid II,""0"",""0"",RM2,RM2,3kibouup3gxwnnxp3vhz83af7,""3022"",TER,ekjw1mwnbe9inyjyvwsijf890,""5756"",""0"",""0"",""0"",""0"",""0"",""0"",""2"",""45"",2026-08-31 19:15:00,T 0-0,0-0,""0,00"",""0,0000"",""0,0"",null-224"
","""","""","""","""","""","""","""","""","""","""","""","""","""",edhfes47w536t0ua3en656t5g,edhfes47w536t0ua3en656t5g,""2651993"",edhfes47w536t0ua3en656t5g:291,""291"",""44"","""",""2"",""28"",""28"",BallRecovery,""1"",""620"",""12"",""12"",RM2,3kibouup3gxwnnxp3vhz83af7,""3022"",Real Madrid II,Real Madrid II,RM2,Real Madrid II,#0066FF,""3022"",2026-08-31,Teruel,Real Madrid II,""0"",""0"",RM2,RM2,3kibouup3gxwnnxp3vhz83af7,""3022"",TER,ekjw1mwnbe9inyjyvwsijf890,""5756"",""0"",""0"",""0"",""0"",""0"",""0"",""2"",""45"",2026-08-31 19:15:00,T 0-0,0-0,""0,00"",""0,0000"",""0,0"",null-224"
","""","""","""","""","""","""","""","""","""","""","""","""","""",edhfes47w536t0ua3en656t5g,edhfes47w536t0ua3en656t5g,""2651993"",edhfes47w536t0ua3en656t5g:304,""304"",""46"","""",""1"",""30"",""30"",BallRecovery,""1"",""654"",""26"",""26"",RM2,3kibouup3gxwnnxp3vhz83af7,""3022"",Real Madrid II,Real Madrid II,RM2,Real Madrid II,#0066FF,""3022"",2026-08-31,Teruel,Real Madrid II,""0"",""0"",RM2,RM2,3kibouup3gxwnnxp3vhz83af7,""3022"",TER,ekjw1mwnbe9inyjyvwsijf890,""5756"",""0"",""0"",""0"",""0"",""0"",""0"",""2"",""45"",2026-08-31 19:15:00,T 0-0,0-0,""0,00"",""0,0000"",""0,0"",null-224"
","""","""","""","""","""","""","""","""","""","""","""","""","""",edhfes47w536t0ua3en656t5g,edhfes47w536t0ua3en656t5g,""2651993"",edhfes47w536t0ua3en656t5g:387,""387"","""","""","""",""36"",""36"",Aerial,""1"",""870"","""",""41"",RM2,3kibouup3gxwnnxp3vhz83af7,""3022"",Real Madrid II,Real Madrid II,RM2,Real Madrid II,#0066FF,""3022"",2026-08-31,Teruel,Real Madrid II,""0"",""0"",RM2,RM2,3kibouup3gxwnnxp3vhz83af7,""3022"",TER,ekjw1mwnbe9inyjyvwsijf890,""5756"",""0"",""0"",""0"",""0"",""0"",""0"",""2"",""45"",2026-08-31 19:15:00,T 0-0,0-0,""0,00"",""0,0000"",""0,0"",null-224"
"Alexis Ciria,"""","""","""","""","""","""","""","""","""","""","""",df49d7ztingifxkbjs2l1hnh0,"""",edhfes47w536t0ua3en656t5g,edhfes47w536t0ua3en656t5g,""2651993"",edhfes47w536t0ua3en656t5g:415,""415"","""","""","""","""","""",Tackle,""1"",""951"","""","""",RM2,3kibouup3gxwnnxp3vhz83af7,""3022"",Real Madrid II,Real Madrid II,RM2,Real Madrid II,#0066FF,""3022"",2026-08-31,Teruel,Real Madrid II,""0"",""0"",RM2,RM2,3kibouup3gxwnnxp3vhz83af7,""3022"",TER,ekjw1mwnbe9inyjyvwsijf890,""5756"",""0"",""0"",""0"",""0"",""0"",""0"",""2"",""45"",2026-08-31 19:15:00,T 0-0,0-0,""0,00"",""0,0000"",""0,0"",null-224"
","""","""","""","""","""","""","""","""","""","""","""","""","""",edhfes47w536t0ua3en656t5g,edhfes47w536t0ua3en656t5g,""2651993"",edhfes47w536t0ua3en656t5g:422,""422"","""","""","""","""","""",Aerial,""1"",""971"","""","""",RM2,3kibouup3gxwnnxp3vhz83af7,""3022"",Real Madrid II,Real Madrid II,RM2,Real Madrid II,#0066FF,""3022"",2026-08-31,Teruel,Real Madrid II,""0"",""0"",RM2,RM2,3kibouup3gxwnnxp3vhz83af7,""3022"",TER,ekjw1mwnbe9inyjyvwsijf890,""5756"",""0"",""0"",""0"",""0"",""0"",""0"",""2"",""45"",2026-08-31 19:15:00,T 0-0,0-0,""0,00"",""0,0000"",""0,0"",null-224"
","""","""","""","""","""","""","""","""","""","""","""","""","""",edhfes47w536t0ua3en656t5g,edhfes47w536t0ua3en656t5g,""2651993"",edhfes47w536t0ua3en656t5g:429,""429"","""","""","""","""","""",Challenge,""1"",""979"","""","""",RM2,3kibouup3gxwnnxp3vhz83af7,""3022"",Real Madrid II,Real Madrid II,RM2,Real Madrid II,#0066FF,""3022"",2026-08-31,Teruel,Real Madrid II,""0"",""0"",RM2,RM2,3kibouup3gxwnnxp3vhz83af7,""3022"",TER,ekjw1mwnbe9inyjyvwsijf890,""5756"",""0"",""0"",""0"",""0"",""0"",""0"",""2"",""45"",2026-08-31 19:15:00,T 0-0,0-0,""0,00"",""0,0000"",""0,0"",null-224"
"Sergio Mestre,"""","""","""","""","""","""","""","""","""","""","""",3krfyio6dlb6gkoggsmqwkj6c,"""",edhfes47w536t0ua3en656t5g,edhfes47w536t0ua3en656t5g,""2651993"",edhfes47w536t0ua3en656t5g:431,""431"","""","""","""","""","""",Save,""1"",""981"","""","""",RM2,3kibouup3gxwnnxp3vhz83af7,""3022"",Real Madrid II,Real Madrid II,RM2,Real Madrid II,#0066FF,""3022"",2026-08-31,Teruel,Real Madrid II,""0"",""0"",RM2,RM2,3kibouup3gxwnnxp3vhz83af7,""3022"",TER,ekjw1mwnbe9inyjyvwsijf890,""5756"",""0"",""0"",""0"",""0"",""0"",""0"",""2"",""45"",2026-08-31 19:15:00,T 0-0,0-0,""0,00"",""0,0000"",""0,0"",null-224"
"R. Fettal,"""","""","""","""","""","""","""","""","""","""","""",bhm1k39pmnmzfprk4beva5mac,"""",edhfes47w536t0ua3en656t5g,edhfes47w536t0ua3en656t5g,""2651993"",edhfes47w536t0ua3en656t5g:455,""455"","""","""","""","""","""",BlockedPass,""1"",""1199"","""","""",RM2,3kibouup3gxwnnxp3vhz83af7,""3022"",Real Madrid II,Real Madrid II,RM2,Real Madrid II,#0066FF,""3022"",2026-08-31,Teruel,Real Madrid II,""0"",""0"",RM2,RM2,3kibouup3gxwnnxp3vhz83af7,""3022"",TER,ekjw1mwnbe9inyjyvwsijf890,""5756"",""0"",""0"",""0"",""0"",""0"",""0"",""2"",""45"",2026-08-31 19:15:00,T 0-0,0-0,""0,00"",""0,0000"",""0,0"",null-224"
"Diego Aguado,"""","""","""","""","""","""","""","""","""","""","""",4luj0v1ttpt61sniftg4bxrtg,"""",edhfes47w536t0ua3en656t5g,edhfes47w536t0ua3en656t5g,""2651993"",edhfes47w536t0ua3en656t5g:470,""470"","""","""","""","""","""",Clearance,""1"",""1232"","""","""",RM2,3kibouup3gxwnnxp3vhz83af7,""3022"",Real Madrid II,Real Madrid II,RM2,Real Madrid II,#0066FF,""3022"",2026-08-31,Teruel,Real Madrid II,""0"",""0"",RM2,RM2,3kibouup3gxwnnxp3vhz83af7,""3022"",TER,ekjw1mwnbe9inyjyvwsijf890,""5756"",""0"",""0"",""0"",""0"",""0"",""0"",""2"",""45"",2026-08-31 19:15:00,T 0-0,0-0,""0,00"",""0,0000"",""0,0"",null-224"
"Cestero,"""","""","""","""","""","""","""","""","""","""","""",ecmpznived7xp45o7bm96csno,"""",edhfes47w536t0ua3en656t5g,edhfes47w536t0ua3en656t5g,""2651993"",edhfes47w536t0ua3en656t5g:486,""486"","""","""","""","""","""",Tackle,""1"",""1256"","""","""",RM2,3kibouup3gxwnnxp3vhz83af7,""3022"",Real Madrid II,Real Madrid II,RM2,Real Madrid II,#0066FF,""3022"",2026-08-31,Teruel,Real Madrid II,""0"",""0"",RM2,RM2,3kibouup3gxwnnxp3vhz83af7,""3022"",TER,ekjw1mwnbe9inyjyvwsijf890,""5756"",""0"",""0"",""0"",""0"",""0"",""0"",""2"",""45"",2026-08-31 19:15:00,T 0-0,0-0,""0,00"",""0,0000"",""0,0"",null-224"
"O. Naasei,"""","""","""","""","""","""","""","""","""","""","""",9z86sxoh0lek4g80lvvhxivpw,"""",edhfes47w536t0ua3en656t5g,edhfes47w536t0ua3en656t5g,""2651993"",edhfes47w536t0ua3en656t5g:512,""512"","""","""","""","""","""",Clearance,""1"",""1334"","""","""",RM2,3kibouup3gxwnnxp3vhz83af7,""3022"",Real Madrid II,Real Madrid II,RM2,Real Madrid II,#0066FF,""3022"",2026-08-31,Teruel,Real Madrid II,""0"",""0"",RM2,RM2,3kibouup3gxwnnxp3vhz83af7,""3022"",TER,ekjw1mwnbe9inyjyvwsijf890,""5756"",""0"",""0"",""0"",""0"",""0"",""0"",""2"",""45"",2026-08-31 19:15:00,T 0-0,0-0,""0,00"",""0,0000"",""0,0"",null-224"
"Pol Fortuny,"""","""","""","""","""","""","""","""","""","""","""",diwvhwul9fvsmpdwosvy8nwus,"""",edhfes47w536t0ua3en656t5g,edhfes47w536t0ua3en656t5g,""2651993"",edhfes47w536t0ua3en656t5g:518,""518"",""77"","""",""1"",""46"",""46"",Tackle,""1"",""1341"",""4"",""45"",RM2,3kibouup3gxwnnxp3vhz83af7,""3022"",Real Madrid II,Real Madrid II,RM2,Real Madrid II,#0066FF,""3022"",2026-08-31,Teruel,Real Madrid II,""0"",""0"",RM2,RM2,3kibouup3gxwnnxp3vhz83af7,""3022"",TER,ekjw1mwnbe9inyjyvwsijf890,""5756"",""0"",""0"",""0"",""0"",""0"",""0"",""2"",""45"",2026-08-31 19:15:00,T 0-0,0-0,""0,00"",""0,0000"",""0,0"",null-224"
","""","""","""","""","""","""","""","""","""","""","""","""","""",edhfes47w536t0ua3en656t5g,edhfes47w536t0ua3en656t5g,""2651993"",edhfes47w536t0ua3en656t5g:520,""520"",""77"","""",""2"",""46"",""46"",BallRecovery,""1"",""1343"",""4"",""45"",RM2,3kibouup3gxwnnxp3vhz83af7,""3022"",Real Madrid II,Real Madrid II,RM2,Real Madrid II,#0066FF,""3022"",2026-08-31,Teruel,Real Madrid II,""0"",""0"",RM2,RM2,3kibouup3gxwnnxp3vhz83af7,""3022"",TER,ekjw1mwnbe9inyjyvwsijf890,""5756"",""0"",""0"",""0"",""0"",""0"",""0"",""2"",""45"",2026-08-31 19:15:00,T 0-0,0-0,""0,00"",""0,0000"",""0,0"",null-224"
"R. Fettal,"""","""","""","""","""","""","""","""","""","""","""",bhm1k39pmnmzfprk4beva5mac,"""",edhfes47w536t0ua3en656t5g,edhfes47w536t0ua3en656t5g,""2651993"",edhfes47w536t0ua3en656t5g:542,""542"",""81"","""",""1"",""48"",""48"",Tackle,""1"",""1396"",""3"",""3"",RM2,3kibouup3gxwnnxp3vhz83af7,""3022"",Real Madrid II,Real Madrid II,RM2,Real Madrid II,#0066FF,""3022"",2026-08-31,Teruel,Real Madrid II,""0"",""0"",RM2,RM2,3kibouup3gxwnnxp3vhz83af7,""3022"",TER,ekjw1mwnbe9inyjyvwsijf890,""5756"",""0"",""0"",""0"",""0"",""0"",""0"",""2"",""45"",2026-08-31 19:15:00,T 0-0,0-0,""0,00"",""0,0000"",""0,0"",null-224"
"O. Naasei,"""","""","""","""","""","""","""","""","""","""","""",9z86sxoh0lek4g80lvvhxivpw,"""",edhfes47w536t0ua3en656t5g,edhfes47w536t0ua3en656t5g,""2651993"",edhfes47w536t0ua3en656t5g:550,""550"","""","""","""","""","""",Clearance,""1"",""1432"","""","""",RM2,3kibouup3gxwnnxp3vhz83af7,""3022"",Real Madrid II,Real Madrid II,RM2,Real Madrid II,#0066FF,""3022"",2026-08-31,Teruel,Real Madrid II,""0"",""0"",RM2,RM2,3kibouup3gxwnnxp3vhz83af7,""3022"",TER,ekjw1mwnbe9inyjyvwsijf890,""5756"",""0"",""0"",""0"",""0"",""0"",""0"",""2"",""45"",2026-08-31 19:15:00,T 0-0,0-0,""0,00"",""0,0000"",""0,0"",null-224"
","""","""","""","""","""","""","""","""","""","""","""","""","""",edhfes47w536t0ua3en656t5g,edhfes47w536t0ua3en656t5g,""2651993"",edhfes47w536t0ua3en656t5g:559,""559"",""84"","""",""2"",""50"",""50"",BallRecovery,""1"",""1443"",""21"",""56"",RM2,3kibouup3gxwnnxp3vhz83af7,""3022"",Real Madrid II,Real Madrid II,RM2,Real Madrid II,#0066FF,""3022"",2026-08-31,Teruel,Real Madrid II,""0"",""0"",RM2,RM2,3kibouup3gxwnnxp3vhz83af7,""3022"",TER,ekjw1mwnbe9inyjyvwsijf890,""5756"",""0"",""0"",""0"",""0"",""0"",""0"",""2"",""45"",2026-08-31 19:15:00,T 0-0,0-0,""0,00"",""0,0000"",""0,0"",null-224"
"Diego Aguado,"""","""","""","""","""","""","""","""","""","""","""",4luj0v1ttpt61sniftg4bxrtg,"""",edhfes47w536t0ua3en656t5g,edhfes47w536t0ua3en656t5g,""2651993"",edhfes47w536t0ua3en656t5g:582,""582"","""","""","""","""","""",Tackle,""1"",""1501"","""","""",RM2,3kibouup3gxwnnxp3vhz83af7,""3022"",Real Madrid II,Real Madrid II,RM2,Real Madrid II,#0066FF,""3022"",2026-08-31,Teruel,Real Madrid II,""0"",""0"",RM2,RM2,3kibouup3gxwnnxp3vhz83af7,""3022"",TER,ekjw1mwnbe9inyjyvwsijf890,""5756"",""0"",""0"",""0"",""0"",""0"",""0"",""2"",""45"",2026-08-31 19:15:00,T 0-0,0-0,""0,00"",""0,0000"",""0,0"",null-224"
"Sergio Mestre,"""","""","""","""","""","""","""","""","""","""","""",3krfyio6dlb6gkoggsmqwkj6c,"""",edhfes47w536t0ua3en656t5g,edhfes47w536t0ua3en656t5g,""2651993"",edhfes47w536t0ua3en656t5g:588,""588"","""","""","""","""","""",Clearance,""1"",""1512"","""","""",RM2,3kibouup3gxwnnxp3vhz83af7,""3022"",Real Madrid II,Real Madrid II,RM2,Real Madrid II,#0066FF,""3022"",2026-08-31,Teruel,Real Madrid II,""0"",""0"",RM2,RM2,3kibouup3gxwnnxp3vhz83af7,""3022"",TER,ekjw1mwnbe9inyjyvwsijf890,""5756"",""0"",""0"",""0"",""0"",""0"",""0"",""2"",""45"",2026-08-31 19:15:00,T 0-0,0-0,""0,00"",""0,0000"",""0,0"",null-224"
"Sergio Mestre,"""","""","""","""","""","""","""","""","""","""","""",3krfyio6dlb6gkoggsmqwkj6c,"""",edhfes47w536t0ua3en656t5g,edhfes47w536t0ua3en656t5g,""2651993"",edhfes47w536t0ua3en656t5g:616,""616"",""91"","""",""1"",""54"",""54"",Save,""1"",""1592"",""37"",""37"",RM2,3kibouup3gxwnnxp3vhz83af7,""3022"",Real Madrid II,Real Madrid II,RM2,Real Madrid II,#0066FF,""3022"",2026-08-31,Teruel,Real Madrid II,""0"",""0"",RM2,RM2,3kibouup3gxwnnxp3vhz83af7,""3022"",TER,ekjw1mwnbe9inyjyvwsijf890,""5756"",""0"",""0"",""0"",""0"",""0"",""0"",""2"",""45"",2026-08-31 19:15:00,T 0-0,0-0,""0,00"",""0,0000"",""0,0"",null-224"
","""","""","""","""","""","""","""","""","""","""","""","""","""",edhfes47w536t0ua3en656t5g,edhfes47w536t0ua3en656t5g,""2651993"",edhfes47w536t0ua3en656t5g:634,""634"","""","""","""","""","""",Aerial,""1"",""1663"","""","""",RM2,3kibouup3gxwnnxp3vhz83af7,""3022"",Real Madrid II,Real Madrid II,RM2,Real Madrid II,#0066FF,""3022"",2026-08-31,Teruel,Real Madrid II,""0"",""0"",RM2,RM2,3kibouup3gxwnnxp3vhz83af7,""3022"",TER,ekjw1mwnbe9inyjyvwsijf890,""5756"",""0"",""0"",""0"",""0"",""0"",""0"",""2"",""45"",2026-08-31 19:15:00,T 0-0,0-0,""0,00"",""0,0000"",""0,0"",null-224"
"Mario Rivas,"""","""","""","""","""","""","""","""","""","""","""",974pgl5fo69ks8qsv1oorx8us,"""",edhfes47w536t0ua3en656t5g,edhfes47w536t0ua3en656t5g,""2651993"",edhfes47w536t0ua3en656t5g:645,""645"","""","""","""","""","""",Clearance,""1"",""1724"","""","""",RM2,3kibouup3gxwnnxp3vhz83af7,""3022"",Real Madrid II,Real Madrid II,RM2,Real Madrid II,#0066FF,""3022"",2026-08-31,Teruel,Real Madrid II,""0"",""0"",RM2,RM2,3kibouup3gxwnnxp3vhz83af7,""3022"",TER,ekjw1mwnbe9inyjyvwsijf890,""5756"",""0"",""0"",""0"",""0"",""0"",""0"",""2"",""45"",2026-08-31 19:15:00,T 0-0,0-0,""0,00"",""0,0000"",""0,0"",null-224"
"Diego Aguado,"""","""","""","""","""","""","""","""","""","""","""",4luj0v1ttpt61sniftg4bxrtg,"""",edhfes47w536t0ua3en656t5g,edhfes47w536t0ua3en656t5g,""2651993"",edhfes47w536t0ua3en656t5g:647,""647"","""","""","""","""","""",Tackle,""1"",""1728"","""","""",RM2,3kibouup3gxwnnxp3vhz83af7,""3022"",Real Madrid II,Real Madrid II,RM2,Real Madrid II,#0066FF,""3022"",2026-08-31,Teruel,Real Madrid II,""0"",""0"",RM2,RM2,3kibouup3gxwnnxp3vhz83af7,""3022"",TER,ekjw1mwnbe9inyjyvwsijf890,""5756"",""0"",""0"",""0"",""0"",""0"",""0"",""2"",""45"",2026-08-31 19:15:00,T 0-0,0-0,""0,00"",""0,0000"",""0,0"",null-224"
","""","""","""","""","""","""","""","""","""","""","""","""","""",edhfes47w536t0ua3en656t5g,edhfes47w536t0ua3en656t5g,""2651993"",edhfes47w536t0ua3en656t5g:727,""727"",""104"","""",""3"",""60"",""60"",BallRecovery,""1"",""1943"",""20"",""20"",RM2,3kibouup3gxwnnxp3vhz83af7,""3022"",Real Madrid II,Real Madrid II,RM2,Real Madrid II,#0066FF,""3022"",2026-08-31,Teruel,Real Madrid II,""0"",""0"",RM2,RM2,3kibouup3gxwnnxp3vhz83af7,""3022"",TER,ekjw1mwnbe9inyjyvwsijf890,""5756"",""0"",""0"",""0"",""0"",""0"",""0"",""2"",""45"",2026-08-31 19:15:00,T 0-0,0-0,""0,00"",""0,0000"",""0,0"",null-224"
"Manex Rezola,"""","""","""","""","""","""","""","""","""","""","""",e1kddv29vfru776svrkalmp78,"""",edhfes47w536t0ua3en656t5g,edhfes47w536t0ua3en656t5g,""2651993"",edhfes47w536t0ua3en656t5g:742,""742"",""106"","""",""1"",""62"",""62"",Tackle,""1"",""1960"",""1"",""55"",RM2,3kibouup3gxwnnxp3vhz83af7,""3022"",Real Madrid II,Real Madrid II,RM2,Real Madrid II,#0066FF,""3022"",2026-08-31,Teruel,Real Madrid II,""0"",""0"",RM2,RM2,3kibouup3gxwnnxp3vhz83af7,""3022"",TER,ekjw1mwnbe9inyjyvwsijf890,""5756"",""0"",""0"",""0"",""0"",""0"",""0"",""2"",""45"",2026-08-31 19:15:00,T 0-0,0-0,""0,00"",""0,0000"",""0,0"",null-224"
"R. Fettal,"""","""","""","""","""","""","""","""","""","""","""",bhm1k39pmnmzfprk4beva5mac,"""",edhfes47w536t0ua3en656t5g,edhfes47w536t0ua3en656t5g,""2651993"",edhfes47w536t0ua3en656t5g:748,""748"",""107"","""",""1"",""62"",""62"",BlockedPass,""1"",""1967"",""48"",""55"",RM2,3kibouup3gxwnnxp3vhz83af7,""3022"",Real Madrid II,Real Madrid II,RM2,Real Madrid II,#0066FF,""3022"",2026-08-31,Teruel,Real Madrid II,""0"",""0"",RM2,RM2,3kibouup3gxwnnxp3vhz83af7,""3022"",TER,ekjw1mwnbe9inyjyvwsijf890,""5756"",""0"",""0"",""0"",""0"",""0"",""0"",""2"",""45"",2026-08-31 19:15:00,T 0-0,0-0,""0,00"",""0,0000"",""0,0"",null-224"
","""","""","""","""","""","""","""","""","""","""","""","""","""",edhfes47w536t0ua3en656t5g,edhfes47w536t0ua3en656t5g,""2651993"",edhfes47w536t0ua3en656t5g:771,""771"",""109"","""",""1"",""64"",""64"",BallRecovery,""1"",""2027"",""2"",""34"",RM2,3kibouup3gxwnnxp3vhz83af7,""3022"",Real Madrid II,Real Madrid II,RM2,Real Madrid II,#0066FF,""3022"",2026-08-31,Teruel,Real Madrid II,""0"",""0"",RM2,RM2,3kibouup3gxwnnxp3vhz83af7,""3022"",TER,ekjw1mwnbe9inyjyvwsijf890,""5756"",""0"",""0"",""0"",""0"",""0"",""0"",""2"",""45"",2026-08-31 19:15:00,T 0-0,0-0,""0,00"",""0,0000"",""0,0"",null-224"
"Diego Aguado,"""","""","""","""","""","""","""","""","""","""","""",4luj0v1ttpt61sniftg4bxrtg,"""",edhfes47w536t0ua3en656t5g,edhfes47w536t0ua3en656t5g,""2651993"",edhfes47w536t0ua3en656t5g:806,""806"",""114"","""",""1"",""66"",""66"",Tackle,""1"",""2074"",""9"",""25"",RM2,3kibouup3gxwnnxp3vhz83af7,""3022"",Real Madrid II,Real Madrid II,RM2,Real Madrid II,#0066FF,""3022"",2026-08-31,Teruel,Real Madrid II,""0"",""0"",RM2,RM2,3kibouup3gxwnnxp3vhz83af7,""3022"",TER,ekjw1mwnbe9inyjyvwsijf890,""5756"",""0"",""0"",""0"",""0"",""0"",""0"",""2"",""45"",2026-08-31 19:15:00,T 0-0,0-0,""0,00"",""0,0000"",""0,0"",null-224"
","""","""","""","""","""","""","""","""","""","""","""","""","""",edhfes47w536t0ua3en656t5g,edhfes47w536t0ua3en656t5g,""2651993"",edhfes47w536t0ua3en656t5g:808,""808"",""114"","""",""2"",""66"",""66"",BallRecovery,""1"",""2077"",""9"",""25"",RM2,3kibouup3gxwnnxp3vhz83af7,""3022"",Real Madrid II,Real Madrid II,RM2,Real Madrid II,#0066FF,""3022"",2026-08-31,Teruel,Real Madrid II,""0"",""0"",RM2,RM2,3kibouup3gxwnnxp3vhz83af7,""3022"",TER,ekjw1mwnbe9inyjyvwsijf890,""5756"",""0"",""0"",""0"",""0"",""0"",""0"",""2"",""45"",2026-08-31 19:15:00,T 0-0,0-0,""0,00"",""0,0000"",""0,0"",null-224"
"O. Naasei,"""","""","""","""","""","""","""","""","""","""","""",9z86sxoh0lek4g80lvvhxivpw,"""",edhfes47w536t0ua3en656t5g,edhfes47w536t0ua3en656t5g,""2651993"",edhfes47w536t0ua3en656t5g:826,""826"",""117"","""",""1"",""68"",""68"",Tackle,""1"",""2104"",""31"",""31"",RM2,3kibouup3gxwnnxp3vhz83af7,""3022"",Real Madrid II,Real Madrid II,RM2,Real Madrid II,#0066FF,""3022"",2026-08-31,Teruel,Real Madrid II,""0"",""0"",RM2,RM2,3kibouup3gxwnnxp3vhz83af7,""3022"",TER,ekjw1mwnbe9inyjyvwsijf890,""5756"",""0"",""0"",""0"",""0"",""0"",""0"",""2"",""45"",2026-08-31 19:15:00,T 0-0,0-0,""0,00"",""0,0000"",""0,0"",null-224"
","""","""","""","""","""","""","""","""","""","""","""","""","""",edhfes47w536t0ua3en656t5g,edhfes47w536t0ua3en656t5g,""2651993"",edhfes47w536t0ua3en656t5g:829,""829"",""117"","""",""3"",""68"",""68"",BallRecovery,""1"",""2106"",""31"",""31"",RM2,3kibouup3gxwnnxp3vhz83af7,""3022"",Real Madrid II,Real Madrid II,RM2,Real Madrid II,#0066FF,""3022"",2026-08-31,Teruel,Real Madrid II,""0"",""0"",RM2,RM2,3kibouup3gxwnnxp3vhz83af7,""3022"",TER,ekjw1mwnbe9inyjyvwsijf890,""5756"",""0"",""0"",""0"",""0"",""0"",""0"",""2"",""45"",2026-08-31 19:15:00,T 0-0,0-0,""0,00"",""0,0000"",""0,0"",null-224"
","""","""","""","""","""","""","""","""","""","""","""","""","""",edhfes47w536t0ua3en656t5g,edhfes47w536t0ua3en656t5g,""2651993"",edhfes47w536t0ua3en656t5g:864,""864"",""120"","""",""1"",""70"",""70"",BallRecovery,""1"",""2199"",""32"",""93"",RM2,3kibouup3gxwnnxp3vhz83af7,""3022"",Real Madrid II,Real Madrid II,RM2,Real Madrid II,#0066FF,""3022"",2026-08-31,Teruel,Real Madrid II,""0"",""0"",RM2,RM2,3kibouup3gxwnnxp3vhz83af7,""3022"",TER,ekjw1mwnbe9inyjyvwsijf890,""5756"",""0"",""0"",""0"",""0"",""0"",""0"",""2"",""45"",2026-08-31 19:15:00,T 0-0,0-0,""0,00"",""0,0000"",""0,0"",null-224"
"Pol Fortuny,"""","""","""","""","""","""","""","""","""","""","""",diwvhwul9fvsmpdwosvy8nwus,"""",edhfes47w536t0ua3en656t5g,edhfes47w536t0ua3en656t5g,""2651993"",edhfes47w536t0ua3en656t5g:888,""888"",""125"","""",""1"",""72"",""72"",Tackle,""1"",""2294"",""11"",""256"",RM2,3kibouup3gxwnnxp3vhz83af7,""3022"",Real Madrid II,Real Madrid II,RM2,Real Madrid II,#0066FF,""3022"",2026-08-31,Teruel,Real Madrid II,""0"",""0"",RM2,RM2,3kibouup3gxwnnxp3vhz83af7,""3022"",TER,ekjw1mwnbe9inyjyvwsijf890,""5756"",""0"",""0"",""0"",""0"",""0"",""0"",""2"",""45"",2026-08-31 19:15:00,T 0-0,0-0,""0,00"",""0,0000"",""0,0"",null-224"
"O. Naasei,"""","""","""","""","""","""","""","""","""","""","""",9z86sxoh0lek4g80lvvhxivpw,"""",edhfes47w536t0ua3en656t5g,edhfes47w536t0ua3en656t5g,""2651993"",edhfes47w536t0ua3en656t5g:917,""917"","""","""","""","""","""",Clearance,""1"",""2574"","""","""",RM2,3kibouup3gxwnnxp3vhz83af7,""3022"",Real Madrid II,Real Madrid II,RM2,Real Madrid II,#0066FF,""3022"",2026-08-31,Teruel,Real Madrid II,""0"",""0"",RM2,RM2,3kibouup3gxwnnxp3vhz83af7,""3022"",TER,ekjw1mwnbe9inyjyvwsijf890,""5756"",""0"",""0"",""0"",""0"",""0"",""0"",""2"",""45"",2026-08-31 19:15:00,T 0-0,0-0,""0,00"",""0,0000"",""0,0"",null-224"
"O. Naasei,"""","""","""","""","""","""","""","""","""","""","""",9z86sxoh0lek4g80lvvhxivpw,"""",edhfes47w536t0ua3en656t5g,edhfes47w536t0ua3en656t5g,""2651993"",edhfes47w536t0ua3en656t5g:920,""920"","""","""","""","""","""",Clearance,""1"",""2581"","""","""",RM2,3kibouup3gxwnnxp3vhz83af7,""3022"",Real Madrid II,Real Madrid II,RM2,Real Madrid II,#0066FF,""3022"",2026-08-31,Teruel,Real Madrid II,""0"",""0"",RM2,RM2,3kibouup3gxwnnxp3vhz83af7,""3022"",TER,ekjw1mwnbe9inyjyvwsijf890,""5756"",""0"",""0"",""0"",""0"",""0"",""0"",""2"",""45"",2026-08-31 19:15:00,T 0-0,0-0,""0,00"",""0,0000"",""0,0"",null-224"
"O. Naasei,"""","""","""","""","""","""","""","""","""","""","""",9z86sxoh0lek4g80lvvhxivpw,"""",edhfes47w536t0ua3en656t5g,edhfes47w536t0ua3en656t5g,""2651993"",edhfes47w536t0ua3en656t5g:938,""938"","""","""","""","""","""",Clearance,""1"",""2687"","""","""",RM2,3kibouup3gxwnnxp3vhz83af7,""3022"",Real Madrid II,Real Madrid II,RM2,Real Madrid II,#0066FF,""3022"",2026-08-31,Teruel,Real Madrid II,""0"",""0"",RM2,RM2,3kibouup3gxwnnxp3vhz83af7,""3022"",TER,ekjw1mwnbe9inyjyvwsijf890,""5756"",""0"",""0"",""0"",""0"",""0"",""0"",""2"",""45"",2026-08-31 19:15:00,T 0-0,0-0,""0,00"",""0,0000"",""0,0"",null-224"
","""","""","""","""","""","""","""","""","""","""","""","""","""",edhfes47w536t0ua3en656t5g,edhfes47w536t0ua3en656t5g,""2651993"",edhfes47w536t0ua3en656t5g:946,""946"",""135"","""",""3"",""76"",""76"",BallRecovery,""1"",""2695"",""5"",""61"",RM2,3kibouup3gxwnnxp3vhz83af7,""3022"",Real Madrid II,Real Madrid II,RM2,Real Madrid II,#0066FF,""3022"",2026-08-31,Teruel,Real Madrid II,""0"",""0"",RM2,RM2,3kibouup3gxwnnxp3vhz83af7,""3022"",TER,ekjw1mwnbe9inyjyvwsijf890,""5756"",""0"",""0"",""0"",""0"",""0"",""0"",""2"",""45"",2026-08-31 19:15:00,T 0-0,0-0,""0,00"",""0,0000"",""0,0"",null-224"
","""","""","""","""","""","""","""","""","""","""","""","""","""",edhfes47w536t0ua3en656t5g,edhfes47w536t0ua3en656t5g,""2651993"",edhfes47w536t0ua3en656t5g:972,""972"","""","""","""","""","""",Challenge,""1"",""2752"","""","""",RM2,3kibouup3gxwnnxp3vhz83af7,""3022"",Real Madrid II,Real Madrid II,RM2,Real Madrid II,#0066FF,""3022"",2026-08-31,Teruel,Real Madrid II,""0"",""0"",RM2,RM2,3kibouup3gxwnnxp3vhz83af7,""3022"",TER,ekjw1mwnbe9inyjyvwsijf890,""5756"",""0"",""0"",""0"",""0"",""0"",""0"",""2"",""45"",2026-08-31 19:15:00,T 0-0,0-0,""0,00"",""0,0000"",""0,0"",null-224"
"O. Naasei,"""","""","""","""","""","""","""","""","""","""","""",9z86sxoh0lek4g80lvvhxivpw,"""",edhfes47w536t0ua3en656t5g,edhfes47w536t0ua3en656t5g,""2651993"",edhfes47w536t0ua3en656t5g:978,""978"","""","""","""","""","""",Clearance,""1"",""2799"","""","""",RM2,3kibouup3gxwnnxp3vhz83af7,""3022"",Real Madrid II,Real Madrid II,RM2,Real Madrid II,#0066FF,""3022"",2026-08-31,Teruel,Real Madrid II,""0"",""0"",RM2,RM2,3kibouup3gxwnnxp3vhz83af7,""3022"",TER,ekjw1mwnbe9inyjyvwsijf890,""5756"",""0"",""0"",""0"",""0"",""0"",""0"",""2"",""45"",2026-08-31 19:15:00,T 0-0,0-0,""0,00"",""0,0000"",""0,0"",null-224"
","""","""","""","""","""","""","""","""","""","""","""","""","""",edhfes47w536t0ua3en656t5g,edhfes47w536t0ua3en656t5g,""2651993"",edhfes47w536t0ua3en656t5g:980,""980"","""","""","""","""","""",Aerial,""1"",""2802"","""","""",RM2,3kibouup3gxwnnxp3vhz83af7,""3022"",Real Madrid II,Real Madrid II,RM2,Real Madrid II,#0066FF,""3022"",2026-08-31,Teruel,Real Madrid II,""0"",""0"",RM2,RM2,3kibouup3gxwnnxp3vhz83af7,""3022"",TER,ekjw1mwnbe9inyjyvwsijf890,""5756"",""0"",""0"",""0"",""0"",""0"",""0"",""2"",""45"",2026-08-31 19:15:00,T 0-0,0-0,""0,00"",""0,0000"",""0,0"",null-224"
","""","""","""","""","""","""","""","""","""","""","""","""","""",edhfes47w536t0ua3en656t5g,edhfes47w536t0ua3en656t5g,""2651993"",edhfes47w536t0ua3en656t5g:987,""987"",""141"","""",""1"",""78"",""78"",BallRecovery,""1"",""2808"",""3"",""7"",RM2,3kibouup3gxwnnxp3vhz83af7,""3022"",Real Madrid II,Real Madrid II,RM2,Real Madrid II,#0066FF,""3022"",2026-08-31,Teruel,Real Madrid II,""0"",""0"",RM2,RM2,3kibouup3gxwnnxp3vhz83af7,""3022"",TER,ekjw1mwnbe9inyjyvwsijf890,""5756"",""0"",""0"",""0"",""0"",""0"",""0"",""2"",""45"",2026-08-31 19:15:00,T 0-0,0-0,""0,00"",""0,0000"",""0,0"",null-224"
","""","""","""","""","""","""","""","""","""","""","""","""","""",edhfes47w536t0ua3en656t5g,edhfes47w536t0ua3en656t5g,""2651993"",edhfes47w536t0ua3en656t5g:1001,""1001"",""143"","""",""1"",""80"",""80"",BallRecovery,""1"",""2833"",""30"",""30"",RM2,3kibouup3gxwnnxp3vhz83af7,""3022"",Real Madrid II,Real Madrid II,RM2,Real Madrid II,#0066FF,""3022"",2026-08-31,Teruel,Real Madrid II,""0"",""0"",RM2,RM2,3kibouup3gxwnnxp3vhz83af7,""3022"",TER,ekjw1mwnbe9inyjyvwsijf890,""5756"",""0"",""0"",""0"",""0"",""0"",""0"",""2"",""45"",2026-08-31 19:15:00,T 0-0,0-0,""0,00"",""0,0000"",""0,0"",null-224"
"Ávaro Leiva,"""","""","""","""","""","""","""","""","""","""","""",3jzkkcd5ysauxk07bli7ic2l0,"""",edhfes47w536t0ua3en656t5g,edhfes47w536t0ua3en656t5g,""2651993"",edhfes47w536t0ua3en656t5g:1020,""1020"","""","""","""","""","""",Clearance,""1"",""2910"","""","""",RM2,3kibouup3gxwnnxp3vhz83af7,""3022"",Real Madrid II,Real Madrid II,RM2,Real Madrid II,#0066FF,""3022"",2026-08-31,Teruel,Real Madrid II,""0"",""0"",RM2,RM2,3kibouup3gxwnnxp3vhz83af7,""3022"",TER,ekjw1mwnbe9inyjyvwsijf890,""5756"",""0"",""0"",""0"",""0"",""0"",""0"",""2"",""45"",2026-08-31 19:15:00,T 0-0,0-0,""0,00"",""0,0000"",""0,0"",null-224"
","""","""","""","""","""","""","""","""","""","""","""","""","""",edhfes47w536t0ua3en656t5g,edhfes47w536t0ua3en656t5g,""2651993"",edhfes47w536t0ua3en656t5g:1059,""1059"",""150"","""",""1"",""85"",""3"",BallRecovery,""2"",""2763"",""2"",""2"",RM2,3kibouup3gxwnnxp3vhz83af7,""3022"",Real Madrid II,Real Madrid II,RM2,Real Madrid II,#0066FF,""3022"",2026-08-31,Teruel,Real Madrid II,""0"",""0"",RM2,RM2,3kibouup3gxwnnxp3vhz83af7,""3022"",TER,ekjw1mwnbe9inyjyvwsijf890,""5756"",""0"",""0"",""0"",""0"",""0"",""0"",""2"",""45"",2026-08-31 19:15:00,T 0-0,0-0,""0,00"",""0,0000"",""0,0"",null-224"
","""","""","""","""","""","""","""","""","""","""","""","""","""",edhfes47w536t0ua3en656t5g,edhfes47w536t0ua3en656t5g,""2651993"",edhfes47w536t0ua3en656t5g:1074,""1074"","""","""","""","""","""",Aerial,""2"",""2795"","""","""",RM2,3kibouup3gxwnnxp3vhz83af7,""3022"",Real Madrid II,Real Madrid II,RM2,Real Madrid II,#0066FF,""3022"",2026-08-31,Teruel,Real Madrid II,""0"",""0"",RM2,RM2,3kibouup3gxwnnxp3vhz83af7,""3022"",TER,ekjw1mwnbe9inyjyvwsijf890,""5756"",""0"",""0"",""0"",""0"",""0"",""0"",""2"",""45"",2026-08-31 19:15:00,T 0-0,0-0,""0,00"",""0,0000"",""0,0"",null-224"
","""","""","""","""","""","""","""","""","""","""","""","""","""",edhfes47w536t0ua3en656t5g,edhfes47w536t0ua3en656t5g,""2651993"",edhfes47w536t0ua3en656t5g:1094,""1094"","""","""","""","""","""",Aerial,""2"",""2842"","""","""",RM2,3kibouup3gxwnnxp3vhz83af7,""3022"",Real Madrid II,Real Madrid II,RM2,Real Madrid II,#0066FF,""3022"",2026-08-31,Teruel,Real Madrid II,""0"",""0"",RM2,RM2,3kibouup3gxwnnxp3vhz83af7,""3022"",TER,ekjw1mwnbe9inyjyvwsijf890,""5756"",""0"",""0"",""0"",""0"",""0"",""0"",""2"",""45"",2026-08-31 19:15:00,T 0-0,0-0,""0,00"",""0,0000"",""0,0"",null-224"
","""","""","""","""","""","""","""","""","""","""","""","""","""",edhfes47w536t0ua3en656t5g,edhfes47w536t0ua3en656t5g,""2651993"",edhfes47w536t0ua3en656t5g:1100,""1100"",""155"","""",""2"",""89"",""7"",BallRecovery,""2"",""2846"",""17"",""17"",RM2,3kibouup3gxwnnxp3vhz83af7,""3022"",Real Madrid II,Real Madrid II,RM2,Real Madrid II,#0066FF,""3022"",2026-08-31,Teruel,Real Madrid II,""0"",""0"",RM2,RM2,3kibouup3gxwnnxp3vhz83af7,""3022"",TER,ekjw1mwnbe9inyjyvwsijf890,""5756"",""0"",""0"",""0"",""0"",""0"",""0"",""2"",""45"",2026-08-31 19:15:00,T 0-0,0-0,""0,00"",""0,0000"",""0,0"",null-224"
","""","""","""","""","""","""","""","""","""","""","""","""","""",edhfes47w536t0ua3en656t5g,edhfes47w536t0ua3en656t5g,""2651993"",edhfes47w536t0ua3en656t5g:1114,""1114"","""","""","""","""","""",Aerial,""2"",""2890"","""","""",RM2,3kibouup3gxwnnxp3vhz83af7,""3022"",Real Madrid II,Real Madrid II,RM2,Real Madrid II,#0066FF,""3022"",2026-08-31,Teruel,Real Madrid II,""0"",""0"",RM2,RM2,3kibouup3gxwnnxp3vhz83af7,""3022"",TER,ekjw1mwnbe9inyjyvwsijf890,""5756"",""0"",""0"",""0"",""0"",""0"",""0"",""2"",""45"",2026-08-31 19:15:00,T 0-0,0-0,""0,00"",""0,0000"",""0,0"",null-224"
","""","""","""","""","""","""","""","""","""","""","""","""","""",edhfes47w536t0ua3en656t5g,edhfes47w536t0ua3en656t5g,""2651993"",edhfes47w536t0ua3en656t5g:1118,""1118"",""158"","""",""1"",""91"",""9"",BallRecovery,""2"",""2892"",""3"",""3"",RM2,3kibouup3gxwnnxp3vhz83af7,""3022"",Real Madrid II,Real Madrid II,RM2,Real Madrid II,#0066FF,""3022"",2026-08-31,Teruel,Real Madrid II,""0"",""0"",RM2,RM2,3kibouup3gxwnnxp3vhz83af7,""3022"",TER,ekjw1mwnbe9inyjyvwsijf890,""5756"",""0"",""0"",""0"",""0"",""0"",""0"",""2"",""45"",2026-08-31 19:15:00,T 0-0,0-0,""0,00"",""0,0000"",""0,0"",null-224"
"Alexis Ciria,"""","""","""","""","""","""","""","""","""","""","""",df49d7ztingifxkbjs2l1hnh0,"""",edhfes47w536t0ua3en656t5g,edhfes47w536t0ua3en656t5g,""2651993"",edhfes47w536t0ua3en656t5g:1127,""1127"","""","""","""","""","""",Tackle,""2"",""2909"","""","""",RM2,3kibouup3gxwnnxp3vhz83af7,""3022"",Real Madrid II,Real Madrid II,RM2,Real Madrid II,#0066FF,""3022"",2026-08-31,Teruel,Real Madrid II,""0"",""0"",RM2,RM2,3kibouup3gxwnnxp3vhz83af7,""3022"",TER,ekjw1mwnbe9inyjyvwsijf890,""5756"",""0"",""0"",""0"",""0"",""0"",""0"",""2"",""45"",2026-08-31 19:15:00,T 0-0,0-0,""0,00"",""0,0000"",""0,0"",null-224"
"Diego Aguado,"""","""","""","""","""","""","""","""","""","""","""",4luj0v1ttpt61sniftg4bxrtg,"""",edhfes47w536t0ua3en656t5g,edhfes47w536t0ua3en656t5g,""2651993"",edhfes47w536t0ua3en656t5g:1135,""1135"",""161"","""",""1"",""93"",""11"",Interception,""2"",""2915"",""2"",""66"",RM2,3kibouup3gxwnnxp3vhz83af7,""3022"",Real Madrid II,Real Madrid II,RM2,Real Madrid II,#0066FF,""3022"",2026-08-31,Teruel,Real Madrid II,""0"",""0"",RM2,RM2,3kibouup3gxwnnxp3vhz83af7,""3022"",TER,ekjw1mwnbe9inyjyvwsijf890,""5756"",""0"",""0"",""0"",""0"",""0"",""0"",""2"",""45"",2026-08-31 19:15:00,T 0-0,0-0,""0,00"",""0,0000"",""0,0"",null-224"
","""","""","""","""","""","""","""","""","""","""","""","""","""",edhfes47w536t0ua3en656t5g,edhfes47w536t0ua3en656t5g,""2651993"",edhfes47w536t0ua3en656t5g:1136,""1136"",""161"","""",""2"",""93"",""11"",BallRecovery,""2"",""2915"",""2"",""66"",RM2,3kibouup3gxwnnxp3vhz83af7,""3022"",Real Madrid II,Real Madrid II,RM2,Real Madrid II,#0066FF,""3022"",2026-08-31,Teruel,Real Madrid II,""0"",""0"",RM2,RM2,3kibouup3gxwnnxp3vhz83af7,""3022"",TER,ekjw1mwnbe9inyjyvwsijf890,""5756"",""0"",""0"",""0"",""0"",""0"",""0"",""2"",""45"",2026-08-31 19:15:00,T 0-0,0-0,""0,00"",""0,0000"",""0,0"",null-224"
"Mario Rivas,"""","""","""","""","""","""","""","""","""","""","""",974pgl5fo69ks8qsv1oorx8us,"""",edhfes47w536t0ua3en656t5g,edhfes47w536t0ua3en656t5g,""2651993"",edhfes47w536t0ua3en656t5g:1160,""1160"","""","""","""","""","""",Clearance,""2"",""2987"","""","""",RM2,3kibouup3gxwnnxp3vhz83af7,""3022"",Real Madrid II,Real Madrid II,RM2,Real Madrid II,#0066FF,""3022"",2026-08-31,Teruel,Real Madrid II,""0"",""0"",RM2,RM2,3kibouup3gxwnnxp3vhz83af7,""3022"",TER,ekjw1mwnbe9inyjyvwsijf890,""5756"",""0"",""0"",""0"",""0"",""0"",""0"",""2"",""45"",2026-08-31 19:15:00,T 0-0,0-0,""0,00"",""0,0000"",""0,0"",null-224"
","""","""","""","""","""","""","""","""","""","""","""","""","""",edhfes47w536t0ua3en656t5g,edhfes47w536t0ua3en656t5g,""2651993"",edhfes47w536t0ua3en656t5g:1193,""1193"","""","""","""","""","""",Aerial,""2"",""3119"","""","""",RM2,3kibouup3gxwnnxp3vhz83af7,""3022"",Real Madrid II,Real Madrid II,RM2,Real Madrid II,#0066FF,""3022"",2026-08-31,Teruel,Real Madrid II,""0"",""0"",RM2,RM2,3kibouup3gxwnnxp3vhz83af7,""3022"",TER,ekjw1mwnbe9inyjyvwsijf890,""5756"",""0"",""0"",""0"",""0"",""0"",""0"",""2"",""45"",2026-08-31 19:15:00,T 0-0,0-0,""0,00"",""0,0000"",""0,0"",null-224"
"Mario Rivas,"""","""","""","""","""","""","""","""","""","""","""",974pgl5fo69ks8qsv1oorx8us,"""",edhfes47w536t0ua3en656t5g,edhfes47w536t0ua3en656t5g,""2651993"",edhfes47w536t0ua3en656t5g:1204,""1204"","""","""","""","""","""",Clearance,""2"",""3139"","""","""",RM2,3kibouup3gxwnnxp3vhz83af7,""3022"",Real Madrid II,Real Madrid II,RM2,Real Madrid II,#0066FF,""3022"",2026-08-31,Teruel,Real Madrid II,""0"",""0"",RM2,RM2,3kibouup3gxwnnxp3vhz83af7,""3022"",TER,ekjw1mwnbe9inyjyvwsijf890,""5756"",""0"",""0"",""0"",""0"",""0"",""0"",""2"",""45"",2026-08-31 19:15:00,T 0-0,0-0,""0,00"",""0,0000"",""0,0"",null-224"
","""","""","""","""","""","""","""","""","""","""","""","""","""",edhfes47w536t0ua3en656t5g,edhfes47w536t0ua3en656t5g,""2651993"",edhfes47w536t0ua3en656t5g:1260,""1260"","""","""","""","""","""",Aerial,""2"",""3309"","""","""",RM2,3kibouup3gxwnnxp3vhz83af7,""3022"",Real Madrid II,Real Madrid II,RM2,Real Madrid II,#0066FF,""3022"",2026-08-31,Teruel,Real Madrid II,""0"",""0"",RM2,RM2,3kibouup3gxwnnxp3vhz83af7,""3022"",TER,ekjw1mwnbe9inyjyvwsijf890,""5756"",""0"",""0"",""0"",""0"",""0"",""0"",""2"",""45"",2026-08-31 19:15:00,T 0-0,0-0,""0,00"",""0,0000"",""0,0"",null-224"
","""","""","""","""","""","""","""","""","""","""","""","""","""",edhfes47w536t0ua3en656t5g,edhfes47w536t0ua3en656t5g,""2651993"",edhfes47w536t0ua3en656t5g:1263,""1263"","""","""","""","""","""",Aerial,""2"",""3312"","""","""",RM2,3kibouup3gxwnnxp3vhz83af7,""3022"",Real Madrid II,Real Madrid II,RM2,Real Madrid II,#0066FF,""3022"",2026-08-31,Teruel,Real Madrid II,""0"",""0"",RM2,RM2,3kibouup3gxwnnxp3vhz83af7,""3022"",TER,ekjw1mwnbe9inyjyvwsijf890,""5756"",""0"",""0"",""0"",""0"",""0"",""0"",""2"",""45"",2026-08-31 19:15:00,T 0-0,0-0,""0,00"",""0,0000"",""0,0"",null-224"
","""","""","""","""","""","""","""","""","""","""","""","""","""",edhfes47w536t0ua3en656t5g,edhfes47w536t0ua3en656t5g,""2651993"",edhfes47w536t0ua3en656t5g:1268,""1268"",""175"","""",""1"",""99"",""17"",BallRecovery,""2"",""3314"",""23"",""23"",RM2,3kibouup3gxwnnxp3vhz83af7,""3022"",Real Madrid II,Real Madrid II,RM2,Real Madrid II,#0066FF,""3022"",2026-08-31,Teruel,Real Madrid II,""0"",""0"",RM2,RM2,3kibouup3gxwnnxp3vhz83af7,""3022"",TER,ekjw1mwnbe9inyjyvwsijf890,""5756"",""0"",""0"",""0"",""0"",""0"",""0"",""2"",""45"",2026-08-31 19:15:00,T 0-0,0-0,""0,00"",""0,0000"",""0,0"",null-224"
","""","""","""","""","""","""","""","""","""","""","""","""","""",edhfes47w536t0ua3en656t5g,edhfes47w536t0ua3en656t5g,""2651993"",edhfes47w536t0ua3en656t5g:1285,""1285"","""","""","""","""","""",Challenge,""2"",""3344"","""","""",RM2,3kibouup3gxwnnxp3vhz83af7,""3022"",Real Madrid II,Real Madrid II,RM2,Real Madrid II,#0066FF,""3022"",2026-08-31,Teruel,Real Madrid II,""0"",""0"",RM2,RM2,3kibouup3gxwnnxp3vhz83af7,""3022"",TER,ekjw1mwnbe9inyjyvwsijf890,""5756"",""0"",""0"",""0"",""0"",""0"",""0"",""2"",""45"",2026-08-31 19:15:00,T 0-0,0-0,""0,00"",""0,0000"",""0,0"",null-224"
"Jesús Fortea,"""","""","""","""","""","""","""","""","""","""","""",8knybibneen7qx8jdg9voh7v8,"""",edhfes47w536t0ua3en656t5g,edhfes47w536t0ua3en656t5g,""2651993"",edhfes47w536t0ua3en656t5g:1287,""1287"","""","""","""","""","""",Clearance,""2"",""3350"","""","""",RM2,3kibouup3gxwnnxp3vhz83af7,""3022"",Real Madrid II,Real Madrid II,RM2,Real Madrid II,#0066FF,""3022"",2026-08-31,Teruel,Real Madrid II,""0"",""0"",RM2,RM2,3kibouup3gxwnnxp3vhz83af7,""3022"",TER,ekjw1mwnbe9inyjyvwsijf890,""5756"",""0"",""0"",""0"",""0"",""0"",""0"",""2"",""45"",2026-08-31 19:15:00,T 0-0,0-0,""0,00"",""0,0000"",""0,0"",null-224"
"Alexis Ciria,"""","""","""","""","""","""","""","""","""","""","""",df49d7ztingifxkbjs2l1hnh0,"""",edhfes47w536t0ua3en656t5g,edhfes47w536t0ua3en656t5g,""2651993"",edhfes47w536t0ua3en656t5g:1293,""1293"","""","""","""","""","""",Clearance,""2"",""3407"","""","""",RM2,3kibouup3gxwnnxp3vhz83af7,""3022"",Real Madrid II,Real Madrid II,RM2,Real Madrid II,#0066FF,""3022"",2026-08-31,Teruel,Real Madrid II,""0"",""0"",RM2,RM2,3kibouup3gxwnnxp3vhz83af7,""3022"",TER,ekjw1mwnbe9inyjyvwsijf890,""5756"",""0"",""0"",""0"",""0"",""0"",""0"",""2"",""45"",2026-08-31 19:15:00,T 0-0,0-0,""0,00"",""0,0000"",""0,0"",null-224"
","""","""","""","""","""","""","""","""","""","""","""","""","""",edhfes47w536t0ua3en656t5g,edhfes47w536t0ua3en656t5g,""2651993"",edhfes47w536t0ua3en656t5g:1296,""1296"","""","""","""","""","""",Aerial,""2"",""3415"","""","""",RM2,3kibouup3gxwnnxp3vhz83af7,""3022"",Real Madrid II,Real Madrid II,RM2,Real Madrid II,#0066FF,""3022"",2026-08-31,Teruel,Real Madrid II,""0"",""0"",RM2,RM2,3kibouup3gxwnnxp3vhz83af7,""3022"",TER,ekjw1mwnbe9inyjyvwsijf890,""5756"",""0"",""0"",""0"",""0"",""0"",""0"",""2"",""45"",2026-08-31 19:15:00,T 0-0,0-0,""0,00"",""0,0000"",""0,0"",null-224"
"O. Naasei,"""","""","""","""","""","""","""","""","""","""","""",9z86sxoh0lek4g80lvvhxivpw,"""",edhfes47w536t0ua3en656t5g,edhfes47w536t0ua3en656t5g,""2651993"",edhfes47w536t0ua3en656t5g:1298,""1298"","""","""","""","""","""",Clearance,""2"",""3415"","""","""",RM2,3kibouup3gxwnnxp3vhz83af7,""3022"",Real Madrid II,Real Madrid II,RM2,Real Madrid II,#0066FF,""3022"",2026-08-31,Teruel,Real Madrid II,""0"",""0"",RM2,RM2,3kibouup3gxwnnxp3vhz83af7,""3022"",TER,ekjw1mwnbe9inyjyvwsijf890,""5756"",""0"",""0"",""0"",""0"",""0"",""0"",""2"",""45"",2026-08-31 19:15:00,T 0-0,0-0,""0,00"",""0,0000"",""0,0"",null-224"
"Pol Fortuny,"""","""","""","""","""","""","""","""","""","""","""",diwvhwul9fvsmpdwosvy8nwus,"""",edhfes47w536t0ua3en656t5g,edhfes47w536t0ua3en656t5g,""2651993"",edhfes47w536t0ua3en656t5g:1305,""1305"",""180"","""",""1"",""101"",""19"",Tackle,""2"",""3428"",""12"",""139"",RM2,3kibouup3gxwnnxp3vhz83af7,""3022"",Real Madrid II,Real Madrid II,RM2,Real Madrid II,#0066FF,""3022"",2026-08-31,Teruel,Real Madrid II,""0"",""0"",RM2,RM2,3kibouup3gxwnnxp3vhz83af7,""3022"",TER,ekjw1mwnbe9inyjyvwsijf890,""5756"",""0"",""0"",""0"",""0"",""0"",""0"",""2"",""45"",2026-08-31 19:15:00,T 0-0,0-0,""0,00"",""0,0000"",""0,0"",null-224"
","""","""","""","""","""","""","""","""","""","""","""","""","""",edhfes47w536t0ua3en656t5g,edhfes47w536t0ua3en656t5g,""2651993"",edhfes47w536t0ua3en656t5g:1307,""1307"",""180"","""",""2"",""101"",""19"",BallRecovery,""2"",""3429"",""12"",""139"",RM2,3kibouup3gxwnnxp3vhz83af7,""3022"",Real Madrid II,Real Madrid II,RM2,Real Madrid II,#0066FF,""3022"",2026-08-31,Teruel,Real Madrid II,""0"",""0"",RM2,RM2,3kibouup3gxwnnxp3vhz83af7,""3022"",TER,ekjw1mwnbe9inyjyvwsijf890,""5756"",""0"",""0"",""0"",""0"",""0"",""0"",""2"",""45"",2026-08-31 19:15:00,T 0-0,0-0,""0,00"",""0,0000"",""0,0"",null-224"
"Álvaro Lezcano,"""","""","""","""","""","""","""","""","""","""","""",4l0vkva7e7yjdpqi7zh1qfeok,"""",edhfes47w536t0ua3en656t5g,edhfes47w536t0ua3en656t5g,""2651993"",edhfes47w536t0ua3en656t5g:1362,""1362"","""","""","""","""","""",Interception,""2"",""3691"","""","""",RM2,3kibouup3gxwnnxp3vhz83af7,""3022"",Real Madrid II,Real Madrid II,RM2,Real Madrid II,#0066FF,""3022"",2026-08-31,Teruel,Real Madrid II,""0"",""0"",RM2,RM2,3kibouup3gxwnnxp3vhz83af7,""3022"",TER,ekjw1mwnbe9inyjyvwsijf890,""5756"",""0"",""0"",""0"",""0"",""0"",""0"",""2"",""45"",2026-08-31 19:15:00,T 0-0,0-0,""0,00"",""0,0000"",""0,0"",null-224"
","""","""","""","""","""","""","""","""","""","""","""","""","""",edhfes47w536t0ua3en656t5g,edhfes47w536t0ua3en656t5g,""2651993"",edhfes47w536t0ua3en656t5g:1368,""1368"",""189"","""",""1"",""105"",""23"",Aerial,""2"",""3704"",""2"",""2"",RM2,3kibouup3gxwnnxp3vhz83af7,""3022"",Real Madrid II,Real Madrid II,RM2,Real Madrid II,#0066FF,""3022"",2026-08-31,Teruel,Real Madrid II,""0"",""0"",RM2,RM2,3kibouup3gxwnnxp3vhz83af7,""3022"",TER,ekjw1mwnbe9inyjyvwsijf890,""5756"",""0"",""0"",""0"",""0"",""0"",""0"",""2"",""45"",2026-08-31 19:15:00,T 0-0,0-0,""0,00"",""0,0000"",""0,0"",null-224"
"Álvaro Lezcano,"""","""","""","""","""","""","""","""","""","""","""",4l0vkva7e7yjdpqi7zh1qfeok,"""",edhfes47w536t0ua3en656t5g,edhfes47w536t0ua3en656t5g,""2651993"",edhfes47w536t0ua3en656t5g:1383,""1383"",""191"","""",""1"",""107"",""25"",BlockedPass,""2"",""3728"",""4"",""4"",RM2,3kibouup3gxwnnxp3vhz83af7,""3022"",Real Madrid II,Real Madrid II,RM2,Real Madrid II,#0066FF,""3022"",2026-08-31,Teruel,Real Madrid II,""0"",""0"",RM2,RM2,3kibouup3gxwnnxp3vhz83af7,""3022"",TER,ekjw1mwnbe9inyjyvwsijf890,""5756"",""0"",""0"",""0"",""0"",""0"",""0"",""2"",""45"",2026-08-31 19:15:00,T 0-0,0-0,""0,00"",""0,0000"",""0,0"",null-224"
","""","""","""","""","""","""","""","""","""","""","""","""","""",edhfes47w536t0ua3en656t5g,edhfes47w536t0ua3en656t5g,""2651993"",edhfes47w536t0ua3en656t5g:1385,""1385"",""191"","""",""2"",""107"",""25"",BallRecovery,""2"",""3732"",""4"",""4"",RM2,3kibouup3gxwnnxp3vhz83af7,""3022"",Real Madrid II,Real Madrid II,RM2,Real Madrid II,#0066FF,""3022"",2026-08-31,Teruel,Real Madrid II,""0"",""0"",RM2,RM2,3kibouup3gxwnnxp3vhz83af7,""3022"",TER,ekjw1mwnbe9inyjyvwsijf890,""5756"",""0"",""0"",""0"",""0"",""0"",""0"",""2"",""45"",2026-08-31 19:15:00,T 0-0,0-0,""0,00"",""0,0000"",""0,0"",null-224"
","""","""","""","""","""","""","""","""","""","""","""","""","""",edhfes47w536t0ua3en656t5g,edhfes47w536t0ua3en656t5g,""2651993"",edhfes47w536t0ua3en656t5g:1407,""1407"",""195"","""",""2"",""111"",""29"",BallRecovery,""2"",""3766"",""9"",""88"",RM2,3kibouup3gxwnnxp3vhz83af7,""3022"",Real Madrid II,Real Madrid II,RM2,Real Madrid II,#0066FF,""3022"",2026-08-31,Teruel,Real Madrid II,""0"",""0"",RM2,RM2,3kibouup3gxwnnxp3vhz83af7,""3022"",TER,ekjw1mwnbe9inyjyvwsijf890,""5756"",""0"",""0"",""0"",""0"",""0"",""0"",""2"",""45"",2026-08-31 19:15:00,T 0-0,0-0,""0,00"",""0,0000"",""0,0"",null-224"
"Álvaro Lezcano,"""","""","""","""","""","""","""","""","""","""","""",4l0vkva7e7yjdpqi7zh1qfeok,"""",edhfes47w536t0ua3en656t5g,edhfes47w536t0ua3en656t5g,""2651993"",edhfes47w536t0ua3en656t5g:1438,""1438"","""","""","""","""","""",Interception,""2"",""3891"","""","""",RM2,3kibouup3gxwnnxp3vhz83af7,""3022"",Real Madrid II,Real Madrid II,RM2,Real Madrid II,#0066FF,""3022"",2026-08-31,Teruel,Real Madrid II,""0"",""0"",RM2,RM2,3kibouup3gxwnnxp3vhz83af7,""3022"",TER,ekjw1mwnbe9inyjyvwsijf890,""5756"",""0"",""0"",""0"",""0"",""0"",""0"",""2"",""45"",2026-08-31 19:15:00,T 0-0,0-0,""0,00"",""0,0000"",""0,0"",null-224"
","""","""","""","""","""","""","""","""","""","""","""","""","""",edhfes47w536t0ua3en656t5g,edhfes47w536t0ua3en656t5g,""2651993"",edhfes47w536t0ua3en656t5g:1446,""1446"","""","""","""","""","""",Aerial,""2"",""3943"","""","""",RM2,3kibouup3gxwnnxp3vhz83af7,""3022"",Real Madrid II,Real Madrid II,RM2,Real Madrid II,#0066FF,""3022"",2026-08-31,Teruel,Real Madrid II,""0"",""0"",RM2,RM2,3kibouup3gxwnnxp3vhz83af7,""3022"",TER,ekjw1mwnbe9inyjyvwsijf890,""5756"",""0"",""0"",""0"",""0"",""0"",""0"",""2"",""45"",2026-08-31 19:15:00,T 0-0,0-0,""0,00"",""0,0000"",""0,0"",null-224"
"Pol Fortuny,"""","""","""","""","""","""","""","""","""","""","""",diwvhwul9fvsmpdwosvy8nwus,"""",edhfes47w536t0ua3en656t5g,edhfes47w536t0ua3en656t5g,""2651993"",edhfes47w536t0ua3en656t5g:1449,""1449"","""","""","""","""","""",Clearance,""2"",""3949"","""","""",RM2,3kibouup3gxwnnxp3vhz83af7,""3022"",Real Madrid II,Real Madrid II,RM2,Real Madrid II,#0066FF,""3022"",2026-08-31,Teruel,Real Madrid II,""0"",""0"",RM2,RM2,3kibouup3gxwnnxp3vhz83af7,""3022"",TER,ekjw1mwnbe9inyjyvwsijf890,""5756"",""0"",""0"",""0"",""0"",""0"",""0"",""2"",""45"",2026-08-31 19:15:00,T 0-0,0-0,""0,00"",""0,0000"",""0,0"",null-224"
","""","""","""","""","""","""","""","""","""","""","""","""","""",edhfes47w536t0ua3en656t5g,edhfes47w536t0ua3en656t5g,""2651993"",edhfes47w536t0ua3en656t5g:1454,""1454"","""","""","""","""","""",Aerial,""2"",""3959"","""","""",RM2,3kibouup3gxwnnxp3vhz83af7,""3022"",Real Madrid II,Real Madrid II,RM2,Real Madrid II,#0066FF,""3022"",2026-08-31,Teruel,Real Madrid II,""0"",""0"",RM2,RM2,3kibouup3gxwnnxp3vhz83af7,""3022"",TER,ekjw1mwnbe9inyjyvwsijf890,""5756"",""0"",""0"",""0"",""0"",""0"",""0"",""2"",""45"",2026-08-31 19:15:00,T 0-0,0-0,""0,00"",""0,0000"",""0,0"",null-224"
"Álvaro Lezcano,"""","""","""","""","""","""","""","""","""","""","""",4l0vkva7e7yjdpqi7zh1qfeok,"""",edhfes47w536t0ua3en656t5g,edhfes47w536t0ua3en656t5g,""2651993"",edhfes47w536t0ua3en656t5g:1456,""1456"","""","""","""","""","""",Clearance,""2"",""3960"","""","""",RM2,3kibouup3gxwnnxp3vhz83af7,""3022"",Real Madrid II,Real Madrid II,RM2,Real Madrid II,#0066FF,""3022"",2026-08-31,Teruel,Real Madrid II,""0"",""0"",RM2,RM2,3kibouup3gxwnnxp3vhz83af7,""3022"",TER,ekjw1mwnbe9inyjyvwsijf890,""5756"",""0"",""0"",""0"",""0"",""0"",""0"",""2"",""45"",2026-08-31 19:15:00,T 0-0,0-0,""0,00"",""0,0000"",""0,0"",null-224"
","""","""","""","""","""","""","""","""","""","""","""","""","""",edhfes47w536t0ua3en656t5g,edhfes47w536t0ua3en656t5g,""2651993"",edhfes47w536t0ua3en656t5g:1459,""1459"",""202"","""",""1"",""113"",""31"",BallRecovery,""2"",""3962"",""6"",""105"",RM2,3kibouup3gxwnnxp3vhz83af7,""3022"",Real Madrid II,Real Madrid II,RM2,Real Madrid II,#0066FF,""3022"",2026-08-31,Teruel,Real Madrid II,""0"",""0"",RM2,RM2,3kibouup3gxwnnxp3vhz83af7,""3022"",TER,ekjw1mwnbe9inyjyvwsijf890,""5756"",""0"",""0"",""0"",""0"",""0"",""0"",""2"",""45"",2026-08-31 19:15:00,T 0-0,0-0,""0,00"",""0,0000"",""0,0"",null-224"
","""","""","""","""","""","""","""","""","""","""","""","""","""",edhfes47w536t0ua3en656t5g,edhfes47w536t0ua3en656t5g,""2651993"",edhfes47w536t0ua3en656t5g:1522,""1522"","""","""","""","""","""",Aerial,""2"",""4186"","""","""",RM2,3kibouup3gxwnnxp3vhz83af7,""3022"",Real Madrid II,Real Madrid II,RM2,Real Madrid II,#0066FF,""3022"",2026-08-31,Teruel,Real Madrid II,""0"",""0"",RM2,RM2,3kibouup3gxwnnxp3vhz83af7,""3022"",TER,ekjw1mwnbe9inyjyvwsijf890,""5756"",""0"",""0"",""0"",""0"",""0"",""0"",""2"",""45"",2026-08-31 19:15:00,T 0-0,0-0,""0,00"",""0,0000"",""0,0"",null-224"
"Cestero,"""","""","""","""","""","""","""","""","""","""","""",ecmpznived7xp45o7bm96csno,"""",edhfes47w536t0ua3en656t5g,edhfes47w536t0ua3en656t5g,""2651993"",edhfes47w536t0ua3en656t5g:1524,""1524"","""","""","""","""","""",Clearance,""2"",""4187"","""","""",RM2,3kibouup3gxwnnxp3vhz83af7,""3022"",Real Madrid II,Real Madrid II,RM2,Real Madrid II,#0066FF,""3022"",2026-08-31,Teruel,Real Madrid II,""0"",""0"",RM2,RM2,3kibouup3gxwnnxp3vhz83af7,""3022"",TER,ekjw1mwnbe9inyjyvwsijf890,""5756"",""0"",""0"",""0"",""0"",""0"",""0"",""2"",""45"",2026-08-31 19:15:00,T 0-0,0-0,""0,00"",""0,0000"",""0,0"",null-224"
"Cestero,"""","""","""","""","""","""","""","""","""","""","""",ecmpznived7xp45o7bm96csno,"""",edhfes47w536t0ua3en656t5g,edhfes47w536t0ua3en656t5g,""2651993"",edhfes47w536t0ua3en656t5g:1531,""1531"","""","""","""","""","""",Tackle,""2"",""4207"","""","""",RM2,3kibouup3gxwnnxp3vhz83af7,""3022"",Real Madrid II,Real Madrid II,RM2,Real Madrid II,#0066FF,""3022"",2026-08-31,Teruel,Real Madrid II,""0"",""0"",RM2,RM2,3kibouup3gxwnnxp3vhz83af7,""3022"",TER,ekjw1mwnbe9inyjyvwsijf890,""5756"",""0"",""0"",""0"",""0"",""0"",""0"",""2"",""45"",2026-08-31 19:15:00,T 0-0,0-0,""0,00"",""0,0000"",""0,0"",null-224"
"Pol Fortuny,"""","""","""","""","""","""","""","""","""","""","""",diwvhwul9fvsmpdwosvy8nwus,"""",edhfes47w536t0ua3en656t5g,edhfes47w536t0ua3en656t5g,""2651993"",edhfes47w536t0ua3en656t5g:1539,""1539"",""211"","""",""1"",""117"",""35"",Tackle,""2"",""4213"",""1"",""1"",RM2,3kibouup3gxwnnxp3vhz83af7,""3022"",Real Madrid II,Real Madrid II,RM2,Real Madrid II,#0066FF,""3022"",2026-08-31,Teruel,Real Madrid II,""0"",""0"",RM2,RM2,3kibouup3gxwnnxp3vhz83af7,""3022"",TER,ekjw1mwnbe9inyjyvwsijf890,""5756"",""0"",""0"",""0"",""0"",""0"",""0"",""2"",""45"",2026-08-31 19:15:00,T 0-0,0-0,""0,00"",""0,0000"",""0,0"",null-224"
","""","""","""","""","""","""","""","""","""","""","""","""","""",edhfes47w536t0ua3en656t5g,edhfes47w536t0ua3en656t5g,""2651993"",edhfes47w536t0ua3en656t5g:1540,""1540"",""211"","""",""2"",""117"",""35"",BallRecovery,""2"",""4214"",""1"",""1"",RM2,3kibouup3gxwnnxp3vhz83af7,""3022"",Real Madrid II,Real Madrid II,RM2,Real Madrid II,#0066FF,""3022"",2026-08-31,Teruel,Real Madrid II,""0"",""0"",RM2,RM2,3kibouup3gxwnnxp3vhz83af7,""3022"",TER,ekjw1mwnbe9inyjyvwsijf890,""5756"",""0"",""0"",""0"",""0"",""0"",""0"",""2"",""45"",2026-08-31 19:15:00,T 0-0,0-0,""0,00"",""0,0000"",""0,0"",null-224"
","""","""","""","""","""","""","""","""","""","""","""","""","""",edhfes47w536t0ua3en656t5g,edhfes47w536t0ua3en656t5g,""2651993"",edhfes47w536t0ua3en656t5g:1551,""1551"",""213"","""",""1"",""119"",""37"",BallRecovery,""2"",""4222"",""1"",""1"",RM2,3kibouup3gxwnnxp3vhz83af7,""3022"",Real Madrid II,Real Madrid II,RM2,Real Madrid II,#0066FF,""3022"",2026-08-31,Teruel,Real Madrid II,""0"",""0"",RM2,RM2,3kibouup3gxwnnxp3vhz83af7,""3022"",TER,ekjw1mwnbe9inyjyvwsijf890,""5756"",""0"",""0"",""0"",""0"",""0"",""0"",""2"",""45"",2026-08-31 19:15:00,T 0-0,0-0,""0,00"",""0,0000"",""0,0"",null-224"
","""","""","""","""","""","""","""","""","""","""","""","""","""",edhfes47w536t0ua3en656t5g,edhfes47w536t0ua3en656t5g,""2651993"",edhfes47w536t0ua3en656t5g:1581,""1581"","""","""","""","""","""",Aerial,""2"",""4342"","""","""",RM2,3kibouup3gxwnnxp3vhz83af7,""3022"",Real Madrid II,Real Madrid II,RM2,Real Madrid II,#0066FF,""3022"",2026-08-31,Teruel,Real Madrid II,""0"",""0"",RM2,RM2,3kibouup3gxwnnxp3vhz83af7,""3022"",TER,ekjw1mwnbe9inyjyvwsijf890,""5756"",""0"",""0"",""0"",""0"",""0"",""0"",""2"",""45"",2026-08-31 19:15:00,T 0-0,0-0,""0,00"",""0,0000"",""0,0"",null-224"
","""","""","""","""","""","""","""","""","""","""","""","""","""",edhfes47w536t0ua3en656t5g,edhfes47w536t0ua3en656t5g,""2651993"",edhfes47w536t0ua3en656t5g:1634,""1634"","""","""","""","""","""",Aerial,""2"",""4505"","""","""",RM2,3kibouup3gxwnnxp3vhz83af7,""3022"",Real Madrid II,Real Madrid II,RM2,Real Madrid II,#0066FF,""3022"",2026-08-31,Teruel,Real Madrid II,""0"",""0"",RM2,RM2,3kibouup3gxwnnxp3vhz83af7,""3022"",TER,ekjw1mwnbe9inyjyvwsijf890,""5756"",""0"",""0"",""0"",""0"",""0"",""0"",""2"",""45"",2026-08-31 19:15:00,T 0-0,0-0,""0,00"",""0,0000"",""0,0"",null-224"
"O. Naasei,"""","""","""","""","""","""","""","""","""","""","""",9z86sxoh0lek4g80lvvhxivpw,"""",edhfes47w536t0ua3en656t5g,edhfes47w536t0ua3en656t5g,""2651993"",edhfes47w536t0ua3en656t5g:1636,""1636"","""","""","""","""","""",Clearance,""2"",""4506"","""","""",RM2,3kibouup3gxwnnxp3vhz83af7,""3022"",Real Madrid II,Real Madrid II,RM2,Real Madrid II,#0066FF,""3022"",2026-08-31,Teruel,Real Madrid II,""0"",""0"",RM2,RM2,3kibouup3gxwnnxp3vhz83af7,""3022"",TER,ekjw1mwnbe9inyjyvwsijf890,""5756"",""0"",""0"",""0"",""0"",""0"",""0"",""2"",""45"",2026-08-31 19:15:00,T 0-0,0-0,""0,00"",""0,0000"",""0,0"",null-224"
"Álvaro Lezcano,"""","""","""","""","""","""","""","""","""","""","""",4l0vkva7e7yjdpqi7zh1qfeok,"""",edhfes47w536t0ua3en656t5g,edhfes47w536t0ua3en656t5g,""2651993"",edhfes47w536t0ua3en656t5g:1646,""1646"","""","""","""","""","""",Clearance,""2"",""4534"","""","""",RM2,3kibouup3gxwnnxp3vhz83af7,""3022"",Real Madrid II,Real Madrid II,RM2,Real Madrid II,#0066FF,""3022"",2026-08-31,Teruel,Real Madrid II,""0"",""0"",RM2,RM2,3kibouup3gxwnnxp3vhz83af7,""3022"",TER,ekjw1mwnbe9inyjyvwsijf890,""5756"",""0"",""0"",""0"",""0"",""0"",""0"",""2"",""45"",2026-08-31 19:15:00,T 0-0,0-0,""0,00"",""0,0000"",""0,0"",null-224"
","""","""","""","""","""","""","""","""","""","""","""","""","""",edhfes47w536t0ua3en656t5g,edhfes47w536t0ua3en656t5g,""2651993"",edhfes47w536t0ua3en656t5g:1649,""1649"",""227"","""",""1"",""127"",""45"",BallRecovery,""2"",""4537"",""7"",""53"",RM2,3kibouup3gxwnnxp3vhz83af7,""3022"",Real Madrid II,Real Madrid II,RM2,Real Madrid II,#0066FF,""3022"",2026-08-31,Teruel,Real Madrid II,""0"",""0"",RM2,RM2,3kibouup3gxwnnxp3vhz83af7,""3022"",TER,ekjw1mwnbe9inyjyvwsijf890,""5756"",""0"",""0"",""0"",""0"",""0"",""0"",""2"",""45"",2026-08-31 19:15:00,T 0-0,0-0,""0,00"",""0,0000"",""0,0"",null-224"
","""","""","""","""","""","""","""","""","""","""","""","""","""",edhfes47w536t0ua3en656t5g,edhfes47w536t0ua3en656t5g,""2651993"",edhfes47w536t0ua3en656t5g:1664,""1664"","""","""","""",""127"",""45"",Aerial,""2"",""4572"","""",""53"",RM2,3kibouup3gxwnnxp3vhz83af7,""3022"",Real Madrid II,Real Madrid II,RM2,Real Madrid II,#0066FF,""3022"",2026-08-31,Teruel,Real Madrid II,""0"",""0"",RM2,RM2,3kibouup3gxwnnxp3vhz83af7,""3022"",TER,ekjw1mwnbe9inyjyvwsijf890,""5756"",""0"",""0"",""0"",""0"",""0"",""0"",""2"",""45"",2026-08-31 19:15:00,T 0-0,0-0,""0,00"",""0,0000"",""0,0"",null-224"
","""","""","""","""","""","""","""","""","""","""","""","""","""",edhfes47w536t0ua3en656t5g,edhfes47w536t0ua3en656t5g,""2651993"",edhfes47w536t0ua3en656t5g:1667,""1667"","""","""","""",""127"",""45"",Aerial,""2"",""4575"","""",""53"",RM2,3kibouup3gxwnnxp3vhz83af7,""3022"",Real Madrid II,Real Madrid II,RM2,Real Madrid II,#0066FF,""3022"",2026-08-31,Teruel,Real Madrid II,""0"",""0"",RM2,RM2,3kibouup3gxwnnxp3vhz83af7,""3022"",TER,ekjw1mwnbe9inyjyvwsijf890,""5756"",""0"",""0"",""0"",""0"",""0"",""0"",""2"",""45"",2026-08-31 19:15:00,T 0-0,0-0,""0,00"",""0,0000"",""0,0"",null-224"
","""","""","""","""","""","""","""","""","""","""","""","""","""",edhfes47w536t0ua3en656t5g,edhfes47w536t0ua3en656t5g,""2651993"",edhfes47w536t0ua3en656t5g:1683,""1683"","""","""","""","""","""",Aerial,""2"",""4650"","""","""",RM2,3kibouup3gxwnnxp3vhz83af7,""3022"",Real Madrid II,Real Madrid II,RM2,Real Madrid II,#0066FF,""3022"",2026-08-31,Teruel,Real Madrid II,""0"",""0"",RM2,RM2,3kibouup3gxwnnxp3vhz83af7,""3022"",TER,ekjw1mwnbe9inyjyvwsijf890,""5756"",""0"",""0"",""0"",""0"",""0"",""0"",""2"",""45"",2026-08-31 19:15:00,T 0-0,0-0,""0,00"",""0,0000"",""0,0"",null-224"
","""","""","""","""","""","""","""","""","""","""","""","""","""",edhfes47w536t0ua3en656t5g,edhfes47w536t0ua3en656t5g,""2651993"",edhfes47w536t0ua3en656t5g:1695,""1695"",""233"","""",""4"",""129"",""47"",BallRecovery,""2"",""4668"",""7"",""20"",RM2,3kibouup3gxwnnxp3vhz83af7,""3022"",Real Madrid II,Real Madrid II,RM2,Real Madrid II,#0066FF,""3022"",2026-08-31,Teruel,Real Madrid II,""0"",""0"",RM2,RM2,3kibouup3gxwnnxp3vhz83af7,""3022"",TER,ekjw1mwnbe9inyjyvwsijf890,""5756"",""0"",""0"",""0"",""0"",""0"",""0"",""2"",""45"",2026-08-31 19:15:00,T 0-0,0-0,""0,00"",""0,0000"",""0,0"",null-224"
"Jesús Fortea,"""","""","""","""","""","""","""","""","""","""","""",8knybibneen7qx8jdg9voh7v8,"""",edhfes47w536t0ua3en656t5g,edhfes47w536t0ua3en656t5g,""2651993"",edhfes47w536t0ua3en656t5g:1722,""1722"",""237"","""",""1"",""131"",""49"",Tackle,""2"",""4737"",""20"",""36"",RM2,3kibouup3gxwnnxp3vhz83af7,""3022"",Real Madrid II,Real Madrid II,RM2,Real Madrid II,#0066FF,""3022"",2026-08-31,Teruel,Real Madrid II,""0"",""0"",RM2,RM2,3kibouup3gxwnnxp3vhz83af7,""3022"",TER,ekjw1mwnbe9inyjyvwsijf890,""5756"",""0"",""0"",""0"",""0"",""0"",""0"",""2"",""45"",2026-08-31 19:15:00,T 0-0,0-0,""0,00"",""0,0000"",""0,0"",null-224"
","""","""","""","""","""","""","""","""","""","""","""","""","""",edhfes47w536t0ua3en656t5g,edhfes47w536t0ua3en656t5g,""2651993"",edhfes47w536t0ua3en656t5g:1723,""1723"",""237"","""",""2"",""131"",""49"",BallRecovery,""2"",""4739"",""20"",""36"",RM2,3kibouup3gxwnnxp3vhz83af7,""3022"",Real Madrid II,Real Madrid II,RM2,Real Madrid II,#0066FF,""3022"",2026-08-31,Teruel,Real Madrid II,""0"",""0"",RM2,RM2,3kibouup3gxwnnxp3vhz83af7,""3022"",TER,ekjw1mwnbe9inyjyvwsijf890,""5756"",""0"",""0"",""0"",""0"",""0"",""0"",""2"",""45"",2026-08-31 19:15:00,T 0-0,0-0,""0,00"",""0,0000"",""0,0"",null-224"
"Jesús Fortea,"""","""","""","""","""","""","""","""","""","""","""",8knybibneen7qx8jdg9voh7v8,"""",edhfes47w536t0ua3en656t5g,edhfes47w536t0ua3en656t5g,""2651993"",edhfes47w536t0ua3en656t5g:1748,""1748"","""","""","""","""","""",Clearance,""2"",""4811"","""","""",RM2,3kibouup3gxwnnxp3vhz83af7,""3022"",Real Madrid II,Real Madrid II,RM2,Real Madrid II,#0066FF,""3022"",2026-08-31,Teruel,Real Madrid II,""0"",""0"",RM2,RM2,3kibouup3gxwnnxp3vhz83af7,""3022"",TER,ekjw1mwnbe9inyjyvwsijf890,""5756"",""0"",""0"",""0"",""0"",""0"",""0"",""2"",""45"",2026-08-31 19:15:00,T 0-0,0-0,""0,00"",""0,0000"",""0,0"",null-224"
"Mario Rivas,"""","""","""","""","""","""","""","""","""","""","""",974pgl5fo69ks8qsv1oorx8us,"""",edhfes47w536t0ua3en656t5g,edhfes47w536t0ua3en656t5g,""2651993"",edhfes47w536t0ua3en656t5g:1760,""1760"","""","""","""","""","""",Clearance,""2"",""4829"","""","""",RM2,3kibouup3gxwnnxp3vhz83af7,""3022"",Real Madrid II,Real Madrid II,RM2,Real Madrid II,#0066FF,""3022"",2026-08-31,Teruel,Real Madrid II,""0"",""0"",RM2,RM2,3kibouup3gxwnnxp3vhz83af7,""3022"",TER,ekjw1mwnbe9inyjyvwsijf890,""5756"",""0"",""0"",""0"",""0"",""0"",""0"",""2"",""45"",2026-08-31 19:15:00,T 0-0,0-0,""0,00"",""0,0000"",""0,0"",null-224"
","""","""","""","""","""","""","""","""","""","""","""","""","""",edhfes47w536t0ua3en656t5g,edhfes47w536t0ua3en656t5g,""2651993"",edhfes47w536t0ua3en656t5g:1764,""1764"",""244"","""",""2"",""135"",""53"",BallRecovery,""2"",""4836"",""8"",""68"",RM2,3kibouup3gxwnnxp3vhz83af7,""3022"",Real Madrid II,Real Madrid II,RM2,Real Madrid II,#0066FF,""3022"",2026-08-31,Teruel,Real Madrid II,""0"",""0"",RM2,RM2,3kibouup3gxwnnxp3vhz83af7,""3022"",TER,ekjw1mwnbe9inyjyvwsijf890,""5756"",""0"",""0"",""0"",""0"",""0"",""0"",""2"",""45"",2026-08-31 19:15:00,T 0-0,0-0,""0,00"",""0,0000"",""0,0"",null-224"
"Mario Rivas,"""","""","""","""","""","""","""","""","""","""","""",974pgl5fo69ks8qsv1oorx8us,"""",edhfes47w536t0ua3en656t5g,edhfes47w536t0ua3en656t5g,""2651993"",edhfes47w536t0ua3en656t5g:1777,""1777"","""","""","""","""","""",Clearance,""2"",""4929"","""","""",RM2,3kibouup3gxwnnxp3vhz83af7,""3022"",Real Madrid II,Real Madrid II,RM2,Real Madrid II,#0066FF,""3022"",2026-08-31,Teruel,Real Madrid II,""0"",""0"",RM2,RM2,3kibouup3gxwnnxp3vhz83af7,""3022"",TER,ekjw1mwnbe9inyjyvwsijf890,""5756"",""0"",""0"",""0"",""0"",""0"",""0"",""2"",""45"",2026-08-31 19:15:00,T 0-0,0-0,""0,00"",""0,0000"",""0,0"",null-224"
"Álvaro Lezcano,"""","""","""","""","""","""","""","""","""","""","""",4l0vkva7e7yjdpqi7zh1qfeok,"""",edhfes47w536t0ua3en656t5g,edhfes47w536t0ua3en656t5g,""2651993"",edhfes47w536t0ua3en656t5g:1782,""1782"","""","""","""","""","""",Clearance,""2"",""4956"","""","""",RM2,3kibouup3gxwnnxp3vhz83af7,""3022"",Real Madrid II,Real Madrid II,RM2,Real Madrid II,#0066FF,""3022"",2026-08-31,Teruel,Real Madrid II,""0"",""0"",RM2,RM2,3kibouup3gxwnnxp3vhz83af7,""3022"",TER,ekjw1mwnbe9inyjyvwsijf890,""5756"",""0"",""0"",""0"",""0"",""0"",""0"",""2"",""45"",2026-08-31 19:15:00,T 0-0,0-0,""0,00"",""0,0000"",""0,0"",null-224"
","""","""","""","""","""","""","""","""","""","""","""","""","""",edhfes47w536t0ua3en656t5g,edhfes47w536t0ua3en656t5g,""2651993"",edhfes47w536t0ua3en656t5g:1791,""1791"",""249"","""",""2"",""137"",""55"",Aerial,""2"",""4981"",""4"",""4"",RM2,3kibouup3gxwnnxp3vhz83af7,""3022"",Real Madrid II,Real Madrid II,RM2,Real Madrid II,#0066FF,""3022"",2026-08-31,Teruel,Real Madrid II,""0"",""0"",RM2,RM2,3kibouup3gxwnnxp3vhz83af7,""3022"",TER,ekjw1mwnbe9inyjyvwsijf890,""5756"",""0"",""0"",""0"",""0"",""0"",""0"",""2"",""45"",2026-08-31 19:15:00,T 0-0,0-0,""0,00"",""0,0000"",""0,0"",null-224"
"Mario Rivas,"""","""","""","""","""","""","""","""","""","""","""",974pgl5fo69ks8qsv1oorx8us,"""",edhfes47w536t0ua3en656t5g,edhfes47w536t0ua3en656t5g,""2651993"",edhfes47w536t0ua3en656t5g:1833,""1833"","""","""","""","""","""",Clearance,""2"",""5123"","""","""",RM2,3kibouup3gxwnnxp3vhz83af7,""3022"",Real Madrid II,Real Madrid II,RM2,Real Madrid II,#0066FF,""3022"",2026-08-31,Teruel,Real Madrid II,""0"",""0"",RM2,RM2,3kibouup3gxwnnxp3vhz83af7,""3022"",TER,ekjw1mwnbe9inyjyvwsijf890,""5756"",""0"",""0"",""0"",""0"",""0"",""0"",""2"",""45"",2026-08-31 19:15:00,T 0-0,0-0,""0,00"",""0,0000"",""0,0"",null-224"
"Cestero,"""","""","""","""","""","""","""","""","""","""","""",ecmpznived7xp45o7bm96csno,"""",edhfes47w536t0ua3en656t5g,edhfes47w536t0ua3en656t5g,""2651993"",edhfes47w536t0ua3en656t5g:1834,""1834"","""","""","""","""","""",Clearance,""2"",""5125"","""","""",RM2,3kibouup3gxwnnxp3vhz83af7,""3022"",Real Madrid II,Real Madrid II,RM2,Real Madrid II,#0066FF,""3022"",2026-08-31,Teruel,Real Madrid II,""0"",""0"",RM2,RM2,3kibouup3gxwnnxp3vhz83af7,""3022"",TER,ekjw1mwnbe9inyjyvwsijf890,""5756"",""0"",""0"",""0"",""0"",""0"",""0"",""2"",""45"",2026-08-31 19:15:00,T 0-0,0-0,""0,00"",""0,0000"",""0,0"",null-224"
","""","""","""","""","""","""","""","""","""","""","""","""","""",edhfes47w536t0ua3en656t5g,edhfes47w536t0ua3en656t5g,""2651993"",edhfes47w536t0ua3en656t5g:1838,""1838"","""","""","""","""","""",Aerial,""2"",""5131"","""","""",RM2,3kibouup3gxwnnxp3vhz83af7,""3022"",Real Madrid II,Real Madrid II,RM2,Real Madrid II,#0066FF,""3022"",2026-08-31,Teruel,Real Madrid II,""0"",""0"",RM2,RM2,3kibouup3gxwnnxp3vhz83af7,""3022"",TER,ekjw1mwnbe9inyjyvwsijf890,""5756"",""0"",""0"",""0"",""0"",""0"",""0"",""2"",""45"",2026-08-31 19:15:00,T 0-0,0-0,""0,00"",""0,0000"",""0,0"",null-224"
","""","""","""","""","""","""","""","""","""","""","""","""","""",edhfes47w536t0ua3en656t5g,edhfes47w536t0ua3en656t5g,""2651993"",edhfes47w536t0ua3en656t5g:1903,""1903"","""","""","""","""","""",Aerial,""2"",""5348"","""","""",RM2,3kibouup3gxwnnxp3vhz83af7,""3022"",Real Madrid II,Real Madrid II,RM2,Real Madrid II,#0066FF,""3022"",2026-08-31,Teruel,Real Madrid II,""0"",""0"",RM2,RM2,3kibouup3gxwnnxp3vhz83af7,""3022"",TER,ekjw1mwnbe9inyjyvwsijf890,""5756"",""0"",""0"",""0"",""0"",""0"",""0"",""2"",""45"",2026-08-31 19:15:00,T 0-0,0-0,""0,00"",""0,0000"",""0,0"",null-224"
","""","""","""","""","""","""","""","""","""","""","""","""","""",edhfes47w536t0ua3en656t5g,edhfes47w536t0ua3en656t5g,""2651993"",edhfes47w536t0ua3en656t5g:1909,""1909"","""","""","""","""","""",Aerial,""2"",""5353"","""","""",RM2,3kibouup3gxwnnxp3vhz83af7,""3022"",Real Madrid II,Real Madrid II,RM2,Real Madrid II,#0066FF,""3022"",2026-08-31,Teruel,Real Madrid II,""0"",""0"",RM2,RM2,3kibouup3gxwnnxp3vhz83af7,""3022"",TER,ekjw1mwnbe9inyjyvwsijf890,""5756"",""0"",""0"",""0"",""0"",""0"",""0"",""2"",""45"",2026-08-31 19:15:00,T 0-0,0-0,""0,00"",""0,0000"",""0,0"",null-224"
","""","""","""","""","""","""","""","""","""","""","""","""","""",edhfes47w536t0ua3en656t5g,edhfes47w536t0ua3en656t5g,""2651993"",edhfes47w536t0ua3en656t5g:1914,""1914"",""268"","""",""2"",""143"",""61"",BallRecovery,""2"",""5357"",""7"",""152"",RM2,3kibouup3gxwnnxp3vhz83af7,""3022"",Real Madrid II,Real Madrid II,RM2,Real Madrid II,#0066FF,""3022"",2026-08-31,Teruel,Real Madrid II,""0"",""0"",RM2,RM2,3kibouup3gxwnnxp3vhz83af7,""3022"",TER,ekjw1mwnbe9inyjyvwsijf890,""5756"",""0"",""0"",""0"",""0"",""0"",""0"",""2"",""45"",2026-08-31 19:15:00,T 0-0,0-0,""0,00"",""0,0000"",""0,0"",null-224"
